Date,Observer,Beekeeper Name,Apiary ID,# of Colonies,Est field area Solidago,Temp,% Cloudy ,Quadrat #,Distance to colonies (m),% Solidago,Time Start,Time End,# of HB Visits,Flower Tubes,Sample_ID ,Date (numeric),Homogenized?,RNA made? ,cDNA made?,RNA Conc,260/280,260/230,Notes
9/15/20,CHD,Colgan,BD_Marble,28,Virtually None,66,50,1,40,10,4:55,5:00,3,F1,BD_Marble_091520_F1,91520,,,,,,,
9/15/20,CHD,Colgan,BD_Marble,28,Virtually None,66,50,1,40,10,4:55,5:00,3,F2,BD_Marble_091520_F2,91520,,,,,,,
9/15/20,CHD,Colgan,BD_Marble,28,Virtually None,66,50,1,40,10,4:55,5:00,3,F3,BD_Marble_091520_F3,91520,,,,,,,
9/15/20,CHD,Colgan,BD_Marble,28,Virtually None,66,50,2,82,10,5:17,5:22,3,F4,BD_Marble_091520_F4,91520,,,,,,,
9/15/20,CHD,Colgan,BD_Marble,28,Virtually None,66,50,2,82,10,5:17,5:22,3,F5,BD_Marble_091520_F5,91520,,,,,,,
9/15/20,CHD,Colgan,BD_Marble,28,Virtually None,66,50,2,82,10,5:17,5:22,3,F6,BD_Marble_091520_F6,91520,,,,,,,
9/15/20,CHD,Colgan,BD_Marble,28,Virtually None,66,50,3,80,15,,,NA,F7,BD_Marble_091520_F7,91520,,,,,,,
9/15/20,CHD,Colgan,BD_Marble,28,Virtually None,66,50,3,80,15,,,NA,F8,BD_Marble_091520_F8,91520,,,,,,,
9/15/20,CHD,Colgan,BD_Marble,28,Virtually None,66,50,3,80,15,,,NA,F9,BD_Marble_091520_F9,91520,,,,,,,
9/15/20,CHD,Colgan,BD_Marble,28,Virtually None,66,50,4,60,2,,,NA,F10,BD_Marble_091520_F10,91520,,,,,,,
9/15/20,CHD,Colgan,BD_Marble,28,Virtually None,66,50,4,60,2,,,NA,F11,BD_Marble_091520_F11,91520,,,,,,,
9/15/20,CHD,Colgan,BD_Marble,28,Virtually None,66,50,4,60,2,,,NA,F12,BD_Marble_091520_F12,91520,,,,,,,
9/15/20,CHD,Colgan,BD_Marble,28,Virtually None,66,50,5,85,25,5:42,,5,F13,BD_Marble_091520_F13,91520,,,,,,,
9/15/20,CHD,Colgan,BD_Marble,28,Virtually None,66,50,5,85,25,5:42,,5,F14,BD_Marble_091520_F14,91520,,,,,,,
9/15/20,CHD,Colgan,BD_Marble,28,Virtually None,66,50,5,85,25,5:42,,5,F15,BD_Marble_091520_F15,91520,,,,,,,
9/19/20,,Hilker,CI_Burns,58,High,55,5,1,30,100,1:10,1:15,9,F1,CI_Burns_091920_F1,91920,,,,,,,
9/19/20,,Hilker,CI_Burns,58,High,55,5,1,30,100,1:10,1:15,9,F2,CI_Burns_091920_F2,91920,,,,,,,
9/19/20,,Hilker,CI_Burns,58,High,55,5,1,30,100,1:10,1:15,9,F3,CI_Burns_091920_F3,91920,,,,,,,
9/19/20,,Hilker,CI_Burns,58,High,55,5,2,82,75,1:25,1:30,13,F4,CI_Burns_091920_F4,91920,,,,,,,
9/19/20,,Hilker,CI_Burns,58,High,55,5,2,82,75,1:25,1:30,13,F5,CI_Burns_091920_F5,91920,,,,,,,
9/19/20,,Hilker,CI_Burns,58,High,55,5,2,82,75,1:25,1:30,13,F6,CI_Burns_091920_F6,91920,,,,,,,
9/19/20,,Hilker,CI_Burns,58,High,55,5,3,180,50,NA,NA,17,F7,CI_Burns_091920_F7,91920,,,,,,,
9/19/20,,Hilker,CI_Burns,58,High,55,5,3,180,50,NA,NA,17,F8,CI_Burns_091920_F8,91920,,,,,,,
9/19/20,,Hilker,CI_Burns,58,High,55,5,3,180,50,NA,NA,17,F9,CI_Burns_091920_F9,91920,,,,,,,
9/19/20,,Hilker,CI_Burns,58,High,55,5,4,210,50,NA,NA,NA,F10,CI_Burns_091920_F10,91920,,,,,,,
9/19/20,,Hilker,CI_Burns,58,High,55,5,4,210,50,NA,NA,NA,F11,CI_Burns_091920_F11,91920,,,,,,,
9/19/20,,Hilker,CI_Burns,58,High,55,5,4,210,50,NA,NA,NA,F12,CI_Burns_091920_F12,91920,,,,,,,
9/19/20,,Hilker,CI_Burns,58,High,55,5,5,240,30,NA,NA,NA,F13,CI_Burns_091920_F13,91920,,,,,,,
9/19/20,,Hilker,CI_Burns,58,High,55,5,5,240,30,NA,NA,NA,F14,CI_Burns_091920_F14,91920,,,,,,,
9/19/20,,Hilker,CI_Burns,58,High,55,5,5,240,30,NA,NA,NA,F15,CI_Burns_091920_F15,91920,,,,,,,
9/15/20,CHD,Kaufman,CL_Bull,43,Med,55,10,1,24,60,11:40,11:45,21,F1,CL_Bull_091520_F1,91520,1,1,1,279.5,2.13,2.23,Homogenized in bag with no mesh
9/15/20,CHD,Kaufman,CL_Bull,43,Med,55,10,1,24,60,11:40,11:45,21,F2,CL_Bull_091520_F2,91520,1,1,1,401.5,2.12,2.34,
9/15/20,CHD,Kaufman,CL_Bull,43,Med,55,10,1,24,60,11:40,11:45,21,F3,CL_Bull_091520_F3,91520,1,1,1,175.5,2.1,1.89,
9/15/20,CHD,Kaufman,CL_Bull,43,Med,55,10,2,45,80,12:05,12:10,33,F4,CL_Bull_091520_F4,91520,1,1,1,220.4,2.13,2.19,
9/15/20,CHD,Kaufman,CL_Bull,43,Med,55,10,2,45,80,12:05,12:10,33,F5,CL_Bull_091520_F5,91520,1,1,1,279.7,2.14,2.19,Homogenized in bag with no mesh
9/15/20,CHD,Kaufman,CL_Bull,43,Med,55,10,2,45,80,12:05,12:10,33,F6,CL_Bull_091520_F6,91520,1,1,1,265.3,2.14,2.36,
9/15/20,CHD,Kaufman,CL_Bull,43,Med,55,10,3,43,90,12:22,12:27,20,F7,CL_Bull_091520_F7,91520,1,1,1,432.6,2.11,2.31,
9/15/20,CHD,Kaufman,CL_Bull,43,Med,55,10,3,43,90,12:22,12:27,20,F8,CL_Bull_091520_F8,91520,1,1,1,190.7,2.1,2.29,
9/15/20,CHD,Kaufman,CL_Bull,43,Med,55,10,3,43,90,12:22,12:27,20,F9,CL_Bull_091520_F9,91520,1,1,1,235.4,2.16,1.11,Homogenized in bag with no mesh
9/15/20,CHD,Kaufman,CL_Bull,43,Med,55,10,5,15,90,12:30,,NA,F10,CL_Bull_091520_F10,91520,1,1,1,137.7,2.12,2.16,
,,,CL_Bull,,,,,,,,,,,control,CL_Bull_91520_control,91520,,1,1,4,1.97,0.27,
9/15/20,CHD,Kaufman,CL_Bull,43,Med,55,10,5,15,90,12:30,,NA,F11,CL_Bull_091520_F11,91520,,,,,,,
9/15/20,CHD,Kaufman,CL_Bull,43,Med,55,10,5,15,90,12:30,,NA,F12,CL_Bull_091520_F12,91520,,,,,,,
9/15/20,CHD,Kaufman,CL_Bull,43,Med,55,10,4,63,70,12:30,,NA,F13,CL_Bull_091520_F13,91520,,,,,,,
9/15/20,CHD,Kaufman,CL_Bull,43,Med,55,10,4,63,70,12:30,,NA,F14,CL_Bull_091520_F14,91520,,,,,,,
9/15/20,CHD,Kaufman,CL_Bull,43,Med,55,10,4,63,70,12:30,,NA,F15,CL_Bull_091520_F15,91520,,,,,,,
9/24/20,,Kaufman,CL_Bull,,,72,50,1,30,50,1:20,1:25,21,F1,CL_Bull_092420_F1,92420,1,1,1,212.2,2.11,1.88,
9/24/20,,Kaufman,CL_Bull,,,72,50,1,30,50,1:20,1:25,21,F2,CL_Bull_092420_F2,92420,1,1,1,299.6,2.14,1.97,
9/24/20,,Kaufman,CL_Bull,,,72,50,1,30,50,1:20,1:25,21,F3,CL_Bull_092420_F3,92420,1,1,1,173.2,2.1,2.03,
9/24/20,,Kaufman,CL_Bull,,,72,50,2,90,60,1:40,1:45,36,F4,CL_Bull_092420_F4,92420,1,1,1,257.6,2.11,2.36,
9/24/20,,Kaufman,CL_Bull,,,72,50,2,90,60,1:40,1:45,36,F5,CL_Bull_092420_F5,92420,1,1,1,130.5,2.13,1.03,
9/24/20,,Kaufman,CL_Bull,,,72,50,2,90,60,1:40,1:45,36,F6,CL_Bull_092420_F6,92420,1,1,1,159.9,2.14,2.14,
9/24/20,,Kaufman,CL_Bull,,,72,50,3,25,50,NA,NA,NA,F7,CL_Bull_092420_F7,92420,1,1,1,361.6,2.13,2.28,
9/24/20,,Kaufman,CL_Bull,,,72,50,3,25,50,NA,NA,NA,F8,CL_Bull_092420_F8,92420,1,1,1,233,2.12,2.25,
9/24/20,,Kaufman,CL_Bull,,,72,50,3,25,50,NA,NA,NA,F9,CL_Bull_092420_F9,92420,1,1,1,313.9,2.14,2.36,
9/24/20,,Kaufman,CL_Bull,,,72,50,4,145,75,1:43,1:48,27,F10,CL_Bull_092420_F10,92420,1,1,1,171.2,2.13,2.37,
,,,CL_Bull,,,,,,,,,,,control,CL_Bull_092420_control,92420,,1,1,7,1.73,0.51,
9/24/20,,Kaufman,CL_Bull,,,72,50,4,145,75,1:43,1:48,27,F11,CL_Bull_092420_F11,92420,,,,,,,
9/24/20,,Kaufman,CL_Bull,,,72,50,4,145,75,1:43,1:48,27,F12,CL_Bull_092420_F12,92420,,,,,,,
9/24/20,,Kaufman,CL_Bull,,,72,50,5,120,25,NA,NA,NA,F13,CL_Bull_092420_F13,92420,,,,,,,
9/24/20,,Kaufman,CL_Bull,,,72,50,5,120,25,NA,NA,NA,F14,CL_Bull_092420_F14,92420,,,,,,,
9/24/20,,Kaufman,CL_Bull,,,72,50,5,120,25,NA,NA,NA,F15,CL_Bull_092420_F15,92420,,,,,,,
9/14/20,CHD,McDonald,CN_Mary,49,High,66,40,1,93,30,12:00,,4,F1,CN_Mary_091420_F1,91420,,,,,,,
9/14/20,CHD,McDonald,CN_Mary,49,High,66,40,1,93,30,12:00,,4,F2,CN_Mary_091420_F2,91420,,,,,,,
9/14/20,CHD,McDonald,CN_Mary,49,High,66,40,1,93,30,12:00,,4,F3,CN_Mary_091420_F3,91420,,,,,,,
9/14/20,CHD,McDonald,CN_Mary,49,High,66,40,2,150,60,12:20,,7,F4,CN_Mary_091420_F4,91420,,,,,,,
9/14/20,CHD,McDonald,CN_Mary,49,High,66,40,2,150,60,12:20,,7,F5,CN_Mary_091420_F5,91420,,,,,,,
9/14/20,CHD,McDonald,CN_Mary,49,High,66,40,2,150,60,12:20,,7,F6,CN_Mary_091420_F6,91420,,,,,,,
9/14/20,CHD,McDonald,CN_Mary,49,High,66,40,3,170,15,12:38,,4,F7,CN_Mary_091420_F7,91420,,,,,,,
9/14/20,CHD,McDonald,CN_Mary,49,High,66,40,3,170,15,12:38,,4,F8,CN_Mary_091420_F8,91420,,,,,,,
9/14/20,CHD,McDonald,CN_Mary,49,High,66,40,3,170,15,12:38,,4,F9,CN_Mary_091420_F9,91420,,,,,,,
9/14/20,CHD,McDonald,CN_Mary,49,High,66,40,4,184,,12:52,,7,F10,CN_Mary_091420_F10,91420,,,,,,,
9/14/20,CHD,McDonald,CN_Mary,49,High,66,40,4,184,,12:52,,7,F11,CN_Mary_091420_F11,91420,,,,,,,
9/14/20,CHD,McDonald,CN_Mary,49,High,66,40,4,184,,12:52,,7,F12,CN_Mary_091420_F12,91420,,,,,,,
9/14/20,CHD,McDonald,CN_Mary,49,High,66,40,5,195,50,1:06,,8,F13,CN_Mary_091420_F13,91420,,,,,,,
9/14/20,CHD,McDonald,CN_Mary,49,High,66,40,5,195,50,1:06,,8,F14,CN_Mary_091420_F14,91420,,,,,,,
9/14/20,CHD,McDonald,CN_Mary,49,High,66,40,5,195,50,1:06,,8,F15,CN_Mary_091420_F15,91420,,,,,,,
9/14/20,CHD,McDonald,CN_Mary,49,High,66,40,6,185,,,,NA,F16,CN_Mary_091420_F16,91420,,,,,,,
9/14/20,CHD,McDonald,CN_Mary,49,High,66,40,6,185,,,,NA,F17,CN_Mary_091420_F17,91420,,,,,,,
9/14/20,CHD,McDonald,CN_Mary,49,High,66,40,6,185,,,,NA,F18,CN_Mary_091420_F18,91420,,,,,,,
9/14/20,CHD,McDonald,CN_Mary,49,High,66,40,7,182,,,,NA,F19,CN_Mary_091420_F19,91420,,,,,,,
9/14/20,CHD,McDonald,CN_Mary,49,High,66,40,7,182,,,,NA,F20,CN_Mary_091420_F20,91420,,,,,,,
9/14/20,CHD,McDonald,CN_Mary,49,High,66,40,7,182,,,,NA,F21,CN_Mary_091420_F21,91420,,,,,,,
9/14/20,CHD,McDonald,CN_Mary,49,High,66,40,8,190,,,,NA,F22,CN_Mary_091420_F22,91420,,,,,,,
9/14/20,CHD,McDonald,CN_Mary,49,High,66,40,8,190,,,,NA,F23,CN_Mary_091420_F23,91420,,,,,,,
9/14/20,CHD,McDonald,CN_Mary,49,High,66,40,8,190,,,,NA,F24,CN_Mary_091420_F24,91420,,,,,,,
9/14/20,CHD,McDonald,CN_Mary,49,High,66,40,9,186,,,,NA,F25,CN_Mary_091420_F25,91420,,,,,,,
9/14/20,CHD,McDonald,CN_Mary,49,High,66,40,9,186,,,,NA,F26,CN_Mary_091420_F26,91420,,,,,,,
9/14/20,CHD,McDonald,CN_Mary,49,High,66,40,9,186,,,,NA,F27,CN_Mary_091420_F27,91420,,,,,,,
9/14/20,CHD,McDonald,CN_Mary,49,High,66,40,10,192,,,,NA,F28,CN_Mary_091420_F28,91420,,,,,,,
9/14/20,CHD,McDonald,CN_Mary,49,High,66,40,10,192,,,,NA,F29,CN_Mary_091420_F29,91420,,,,,,,
9/14/20,CHD,McDonald,CN_Mary,49,High,66,40,10,192,,,,NA,F30,CN_Mary_091420_F30,91420,,,,,,,
9/14/20,CHD,McDonald,CN_Oddy,30,High,64,10,1,126,30,2:52,,8,F1,CN_Oddy_091420_F1,91420,1,1,1,478.7,2.1,2.3,
9/14/20,CHD,McDonald,CN_Oddy,30,High,64,10,1,126,30,2:52,,8,F2,CN_Oddy_091420_F2,91420,1,1,1,386.2,2.12,2.34,
9/14/20,CHD,McDonald,CN_Oddy,30,High,64,10,1,126,30,2:52,,8,F3,CN_Oddy_091420_F3,91420,1,1,1,486.2,2.12,1.96,
9/14/20,CHD,McDonald,CN_Oddy,30,High,64,10,2,142,15,3:10,,4,F4,CN_Oddy_091420_F4,91420,1,1,1,387.7,2.12,2.29,
9/14/20,CHD,McDonald,CN_Oddy,30,High,64,10,2,142,15,3:10,,4,F5,CN_Oddy_091420_F5,91420,1,1,1,189.5,2.07,2.35,
9/14/20,CHD,McDonald,CN_Oddy,30,High,64,10,2,142,15,3:10,,4,F6,CN_Oddy_091420_F6,91420,1,1,1,349,2.12,2.39,
9/14/20,CHD,McDonald,CN_Oddy,30,High,64,10,3,115,40,3:22,,13,F7,CN_Oddy_091420_F7,91420,1,1,1,224.4,2.09,1.54,
9/14/20,CHD,McDonald,CN_Oddy,30,High,64,10,3,115,40,3:22,,13,F8,CN_Oddy_091420_F8,91420,1,1,1,257,2.11,2.29,
9/14/20,CHD,McDonald,CN_Oddy,30,High,64,10,3,115,40,3:22,,13,F9,CN_Oddy_091420_F9,91420,1,1,1,362.2,2.11,2.26,
9/14/20,CHD,McDonald,CN_Oddy,30,High,64,10,4,125,50,3:34,,7,F10,CN_Oddy_091420_F10,91420,1,1,1,166.4,2.1,2.27,
9/14/20,CHD,McDonald,CN_Oddy,,,,,,,,,,,Control,CN_Oddy_91420_Control,91420,,1,1,3,2.04,0.37,
9/14/20,CHD,McDonald,CN_Oddy,30,High,64,10,4,125,50,3:34,,7,F11,CN_Oddy_091420_F11,91420,1,1,1,382.8,2.13,2.38,
9/14/20,CHD,McDonald,CN_Oddy,30,High,64,10,4,125,50,3:34,,7,F12,CN_Oddy_091420_F12,91420,1,1,1,315,2.11,2.31,
9/14/20,CHD,McDonald,CN_Oddy,30,High,64,10,6,182,25,3:46,,5,F13,CN_Oddy_091420_F13,91420,1,1,1,391.6,2.13,2.37,
9/14/20,CHD,McDonald,CN_Oddy,30,High,64,10,6,182,25,3:46,,5,F14,CN_Oddy_091420_F14,91420,1,1,1,341.3,2.12,2.23,
9/14/20,CHD,McDonald,CN_Oddy,30,High,64,10,6,182,25,3:46,,5,F15,CN_Oddy_091420_F15,91420,1,1,1,384.3,2.12,2.21,
9/14/20,CHD,McDonald,CN_Oddy,30,High,64,10,8,193,80,3:57,,NA,F16,CN_Oddy_091420_F16,91420,1,1,1,249.5,2.13,2.3,
9/14/20,CHD,McDonald,CN_Oddy,30,High,64,10,8,193,80,3:57,,NA,F17,CN_Oddy_091420_F17,91420,1,1,1,198.5,2.09,2.27,
9/14/20,CHD,McDonald,CN_Oddy,30,High,64,10,8,193,80,3:57,,NA,F18,CN_Oddy_091420_F18,91420,1,1,1,186.2,2.11,2.22,
9/14/20,CHD,McDonald,CN_Oddy,30,High,64,10,9,217,100,4:05,,NA,F19,CN_Oddy_091420_F19,91420,1,1,1,255.5,2.12,2.19,
9/14/20,CHD,McDonald,CN_Oddy,30,High,64,10,9,217,100,4:05,,NA,F20,CN_Oddy_091420_F20,91420,1,1,1,273.4,2.13,2.26,
9/14/20,CHD,McDonald,CN_Oddy,30,High,64,10,9,217,100,4:05,,NA,F21,CN_Oddy_091420_F21,91420,,,,,,,
9/14/20,CHD,McDonald,CN_Oddy,30,High,64,10,10,264,100,4:10,,NA,F22,CN_Oddy_091420_F22,91420,,,,,,,
9/14/20,CHD,McDonald,CN_Oddy,30,High,64,10,10,264,100,4:10,,NA,F23,CN_Oddy_091420_F23,91420,,,,,,,
9/14/20,CHD,McDonald,CN_Oddy,30,High,64,10,10,264,100,4:10,,NA,F24,CN_Oddy_091420_F24,91420,,,,,,,
9/14/20,CHD,McDonald,CN_Oddy,30,High,64,10,7,270,80,3:57,,NA,F25,CN_Oddy_091420_F25,91420,,,,,,,
9/14/20,CHD,McDonald,CN_Oddy,30,High,64,10,7,270,80,3:57,,NA,F26,CN_Oddy_091420_F26,91420,,,,,,,
9/14/20,CHD,McDonald,CN_Oddy,30,High,64,10,7,270,80,3:57,,NA,F27,CN_Oddy_091420_F27,91420,,,,,,,
9/14/20,CHD,McDonald,CN_Oddy,30,High,64,10,5,132,15,,,NA,F28,CN_Oddy_091420_F28,91420,,,,,,,
9/14/20,CHD,McDonald,CN_Oddy,30,High,64,10,5,132,15,,,NA,F29,CN_Oddy_091420_F29,91420,,,,,,,
9/14/20,CHD,McDonald,CN_Oddy,30,High,64,10,5,132,15,,,NA,F30,CN_Oddy_091420_F30,91420,,,,,,,
9/10/20,KRD,Viau,CW_Maxwell,32,Med,70,100,1,21,30,11:00,11:05,0,F1,CW_Maxwell_091020_F1,91020,1,1,,,,,
9/10/20,KRD,Viau,CW_Maxwell,32,Med,70,100,1,21,30,11:00,11:05,0,F2,CW_Maxwell_091020_F2,91020,1,1,,,,,
9/10/20,KRD,Viau,CW_Maxwell,32,Med,70,100,1,21,30,11:00,11:05,0,F3,CW_Maxwell_091020_F3,91020,1,1,,,,,
9/10/20,KRD,Viau,CW_Maxwell,32,Med,70,100,4,79.2,100,11:35,,NA,F4,CW_Maxwell_091020_F4,91020,1,1,,,,,
9/10/20,KRD,Viau,CW_Maxwell,32,Med,70,100,4,79.2,100,11:35,,NA,F5,CW_Maxwell_091020_F5,91020,1,1,,,,,
9/10/20,KRD,Viau,CW_Maxwell,32,Med,70,100,4,79.2,100,11:35,,NA,F6,CW_Maxwell_091020_F6,91020,1,1,,,,,
9/10/20,HLG,Viau,CW_Maxwell,32,Med,70,100,5,79.2,90,11:45,,NA,F7,CW_Maxwell_091020_F7,91020,1,1,,,,,
9/10/20,HLG,Viau,CW_Maxwell,32,Med,70,100,5,79.2,90,11:45,,NA,F8,CW_Maxwell_091020_F8,91020,1,1,,,,,
9/10/20,HLG,Viau,CW_Maxwell,32,Med,70,100,5,79.2,90,11:45,,NA,F9,CW_Maxwell_091020_F9,91020,1,1,,,,,
9/10/20,HLG,Viau,CW_Maxwell,32,Med,70,100,2,28,100,11:26,11:31,15,F10,CW_Maxwell_091020_F10,91020,1,1,,,,,
9/10/20,HLG,Viau,CW_Maxwell,32,Med,70,100,2,28,100,11:26,11:31,15,F11,CW_Maxwell_091020_F11,91020,,,,,,,
9/10/20,HLG,Viau,CW_Maxwell,32,Med,70,100,2,28,100,11:26,11:31,15,F12,CW_Maxwell_091020_F12,91020,,,,,,,
9/10/20,HLG,Viau,CW_Maxwell,32,Med,70,100,3,71.9,100,11:35,11:41,16,F13,CW_Maxwell_091020_F13,91020,,,,,,,
9/10/20,HLG,Viau,CW_Maxwell,32,Med,70,100,3,71.9,100,11:35,11:41,16,F14,CW_Maxwell_091020_F14,91020,,,,,,,
9/10/20,HLG,Viau,CW_Maxwell,32,Med,70,100,3,71.9,100,11:35,11:41,16,F15,CW_Maxwell_091020_F15,91020,,,,,,,
9/20/20,,Viau,CW_Maxwell,,,61,10,1,80,75,1:32,1:37,33,F1,CW_Maxwell_092020_F1,92020,1,1,,,,,
9/20/20,,Viau,CW_Maxwell,,,61,10,1,80,75,1:32,1:37,33,F2,CW_Maxwell_092020_F2,92020,1,1,,,,,
9/20/20,,Viau,CW_Maxwell,,,61,10,1,80,75,1:32,1:37,33,F3,CW_Maxwell_092020_F3,92020,1,1,,,,,
9/20/20,,Viau,CW_Maxwell,,,61,10,2,90,80,1:35,1:40,50,F4,CW_Maxwell_092020_F4,92020,1,1,,,,,
9/20/20,,Viau,CW_Maxwell,,,61,10,2,90,80,1:35,1:40,50,F5,CW_Maxwell_092020_F5,92020,1,1,,,,,
9/20/20,,Viau,CW_Maxwell,,,61,10,2,90,80,1:35,1:40,50,F6,CW_Maxwell_092020_F6,92020,1,1,,,,,
9/20/20,,Viau,CW_Maxwell,,,61,10,3,75,90,1:45,1:50,11,F7,CW_Maxwell_092020_F7,92020,1,1,,,,,
9/20/20,,Viau,CW_Maxwell,,,61,10,3,75,90,1:45,1:50,11,F8,CW_Maxwell_092020_F8,92020,1,1,,,,,
9/20/20,,Viau,CW_Maxwell,,,61,10,3,75,90,1:45,1:50,11,F9,CW_Maxwell_092020_F9,92020,1,1,,,,,
9/20/20,,Viau,CW_Maxwell,,,61,10,4,60,80,NA,NA,NA,F10,CW_Maxwell_092020_F10,92020,1,1,,,,,
9/20/20,,Viau,CW_Maxwell,,,61,10,4,60,80,NA,NA,NA,F11,CW_Maxwell_092020_F11,92020,,,,,,,
9/20/20,,Viau,CW_Maxwell,,,61,10,4,60,80,NA,NA,NA,F12,CW_Maxwell_092020_F12,92020,,,,,,,
9/20/20,,Viau,CW_Maxwell,,,61,10,5,50,50,NA,NA,NA,F13,CW_Maxwell_092020_F13,92020,,,,,,,
9/20/20,,Viau,CW_Maxwell,,,61,10,5,50,50,NA,NA,NA,F14,CW_Maxwell_092020_F14,92020,,,,,,,
9/20/20,,Viau,CW_Maxwell,,,61,10,5,50,50,NA,NA,NA,F15,CW_Maxwell_092020_F15,92020,,,,,,,
9/17/20,CHD,Jowdy,EK_Daniels,28,High,66,15,1,200,100,3:13,,28,F1,EK_Daniels_091720_F1,91720,1,1,,373.5,2.08,2.38,
9/17/20,CHD,Jowdy,EK_Daniels,28,High,66,15,1,200,100,3:13,,28,F2,EK_Daniels_091720_F2,91720,1,1,,323.8,2.08,2.31,
9/17/20,CHD,Jowdy,EK_Daniels,28,High,66,15,1,200,100,3:13,,28,F3,EK_Daniels_091720_F3,91720,1,1,,208.3,2.05,2.2,
9/17/20,CHD,Jowdy,EK_Daniels,28,High,66,15,2,200,80,3:13,,23,F4,EK_Daniels_091720_F4,91720,1,1,,375.7,2.07,2.37,
9/17/20,CHD,Jowdy,EK_Daniels,28,High,66,15,2,200,80,3:13,,23,F5,EK_Daniels_091720_F5,91720,1,1,,238.8,2.06,2.32,
9/17/20,CHD,Jowdy,EK_Daniels,28,High,66,15,2,200,80,3:13,,23,F6,EK_Daniels_091720_F6,91720,1,1,,208.3,2.01,2.39,
9/17/20,CHD,Jowdy,EK_Daniels,28,High,66,15,4,215,50,3:32,,18,F7,EK_Daniels_091720_F7,91720,1,1,,201.4,2.05,2.15,
9/17/20,CHD,Jowdy,EK_Daniels,28,High,66,15,4,215,50,3:32,,18,F8,EK_Daniels_091720_F8,91720,1,1,,151.9,2.09,2,
9/17/20,CHD,Jowdy,EK_Daniels,28,High,66,15,4,215,50,3:32,,18,F9,EK_Daniels_091720_F9,91720,1,1,,259.3,2.06,2.26,
9/17/20,CHD,Jowdy,EK_Daniels,28,High,66,15,3,235,40,3:32,,9,F10,EK_Daniels_091720_F10,91720,1,1,,180.4,2.08,2.3,
9/17/20,CHD,Jowdy,EK_Daniels,28,High,66,15,3,235,40,3:32,,9,F11,EK_Daniels_091720_F11,91720,1,1,,272,2.05,2.25,
9/17/20,CHD,Jowdy,EK_Daniels,28,High,66,15,3,235,40,3:32,,9,F12,EK_Daniels_091720_F12,91720,1,1,,253.9,2.04,2.31,
9/17/20,CHD,Jowdy,EK_Daniels,28,High,66,15,5,275,60,3:44,3:49,18,F13,EK_Daniels_091720_F13,91720,1,1,,269.9,2.08,2.15,
9/17/20,CHD,Jowdy,EK_Daniels,28,High,66,15,5,275,60,3:44,3:49,18,F14,EK_Daniels_091720_F14,91720,1,1,,274.6,2.08,2.22,
9/17/20,CHD,Jowdy,EK_Daniels,28,High,66,15,5,275,60,3:44,3:49,18,F15,EK_Daniels_091720_F15,91720,1,1,,261,2.05,2.14,
9/17/20,CHD,Jowdy,EK_Daniels,28,High,66,15,6,300,75,,,NA,F16,EK_Daniels_091720_F16,91720,1,1,,434.5,2.1,2.33,
9/17/20,CHD,Jowdy,EK_Daniels,28,High,66,15,6,300,75,,,NA,F17,EK_Daniels_091720_F17,91720,1,1,,276,2.05,2.21,
9/17/20,CHD,Jowdy,EK_Daniels,28,High,66,15,6,300,75,,,NA,F18,EK_Daniels_091720_F18,91720,1,1,,135.4,2.03,2.22,
9/17/20,CHD,Jowdy,EK_Daniels,28,High,66,15,7,325,40,,,NA,F19,EK_Daniels_091720_F19,91720,1,1,,235.2,2.09,2.12,
9/17/20,CHD,Jowdy,EK_Daniels,28,High,66,15,7,325,40,,,NA,F20,EK_Daniels_091720_F20,91720,1,1,,227.5,2.05,2.33,
9/17/20,CHD,Jowdy,EK_Daniels,28,High,66,15,7,325,40,,,NA,F21,EK_Daniels_091720_F21,91720,,,,,,,
9/17/20,CHD,Jowdy,EK_Daniels,28,High,66,15,8,300,70,,,NA,F22,EK_Daniels_091720_F22,91720,,,,,,,
9/17/20,CHD,Jowdy,EK_Daniels,28,High,66,15,8,300,70,,,NA,F23,EK_Daniels_091720_F23,91720,,,,,,,
9/17/20,CHD,Jowdy,EK_Daniels,28,High,66,15,8,300,70,,,NA,F24,EK_Daniels_091720_F24,91720,,,,,,,
9/17/20,CHD,Jowdy,EK_Daniels,28,High,66,15,9,180,30,,,NA,F25,EK_Daniels_091720_F25,91720,,,,,,,
9/17/20,CHD,Jowdy,EK_Daniels,28,High,66,15,9,180,30,,,NA,F26,EK_Daniels_091720_F26,91720,,,,,,,
9/17/20,CHD,Jowdy,EK_Daniels,28,High,66,15,9,180,30,,,NA,F27,EK_Daniels_091720_F27,91720,,,,,,,
9/17/20,CHD,Jowdy,EK_Daniels,28,High,66,15,10,120,60,,,NA,F28,EK_Daniels_091720_F28,91720,,,,,,,
9/17/20,CHD,Jowdy,EK_Daniels,28,High,66,15,10,120,60,,,NA,F29,EK_Daniels_091720_F29,91720,,,,,,,
9/17/20,CHD,Jowdy,EK_Daniels,28,High,66,15,10,120,60,,,NA,F30,EK_Daniels_091720_F30,91720,,,,,,,
9/13/20,KRD,Huggins,FW_Huggins,27,Med,68,80,1,25,60,11:23,,3,F1,FW_Huggins_091320_F1,91320,1,1,,,,,
9/13/20,KRD,Huggins,FW_Huggins,27,Med,68,80,1,25,60,11:23,,3,F2,FW_Huggins_091320_F2,91320,1,1,,,,,
9/13/20,KRD,Huggins,FW_Huggins,27,Med,68,80,1,25,60,11:23,,3,F3,FW_Huggins_091320_F3,91320,1,1,,,,,
9/13/20,KRD,Huggins,FW_Huggins,27,Med,68,40,2,350,100,11:47,11:52,7,F4,FW_Huggins_091320_F4,91320,1,1,,,,,
9/13/20,KRD,Huggins,FW_Huggins,27,Med,68,40,2,350,100,11:47,11:52,7,F5,FW_Huggins_091320_F5,91320,1,1,,,,,
9/13/20,KRD,Huggins,FW_Huggins,27,Med,68,40,2,350,100,11:47,11:52,7,F6,FW_Huggins_091320_F6,91320,1,1,,,,,
9/13/20,KRD,Huggins,FW_Huggins,27,Med,68,40,3,360,100,12:02,,NA,F7,FW_Huggins_091320_F7,91320,1,1,,,,,
9/13/20,KRD,Huggins,FW_Huggins,27,Med,68,40,3,360,100,12:02,,NA,F8,FW_Huggins_091320_F8,91320,1,1,,,,,
9/13/20,KRD,Huggins,FW_Huggins,27,Med,68,40,3,360,100,12:02,,NA,F9,FW_Huggins_091320_F9,91320,1,1,,,,,
9/13/20,KRD,Huggins,FW_Huggins,27,Med,68,40,4,450,90,12:30,,4,F10,FW_Huggins_091320_F10,91320,1,1,,,,,
9/13/20,KRD,Huggins,FW_Huggins,27,Med,68,40,4,450,90,12:30,,4,F11,FW_Huggins_091320_F11,91320,1,1,,,,,
9/13/20,KRD,Huggins,FW_Huggins,27,Med,68,40,4,450,90,12:30,,4,F12,FW_Huggins_091320_F12,91320,1,1,,,,,
9/13/20,KRD,Huggins,FW_Huggins,27,Med,70,100,5,30,,1:19,,NA,F13,FW_Huggins_091320_F13,91320,1,1,,,,,
9/13/20,KRD,Huggins,FW_Huggins,27,Med,70,100,5,30,,1:19,,NA,F14,FW_Huggins_091320_F14,91320,1,1,,,,,
9/13/20,KRD,Huggins,FW_Huggins,27,Med,70,100,5,30,,1:19,,NA,F15,FW_Huggins_091320_F15,91320,1,1,,,,,
9/25/20,,Huggins,FW_Huggins,,,59,5,1,340,100,NA,NA,2,F1,FW_Huggins_092520_F1,92520,1,1,,,,,
9/25/20,,Huggins,FW_Huggins,,,59,5,1,340,100,NA,NA,2,F2,FW_Huggins_092520_F2,92520,1,1,,,,,
9/25/20,,Huggins,FW_Huggins,,,59,5,1,340,100,NA,NA,2,F3,FW_Huggins_092520_F3,92520,1,1,,,,,
9/25/20,,Huggins,FW_Huggins,,,59,5,2,335,,10:40,10:45,0,F4,FW_Huggins_092520_F4,92520,1,1,,,,,
9/25/20,,Huggins,FW_Huggins,,,59,5,2,335,,10:40,10:45,0,F5,FW_Huggins_092520_F5,92520,1,1,,,,,
9/25/20,,Huggins,FW_Huggins,,,59,5,2,335,,10:40,10:45,0,F6,FW_Huggins_092520_F6,92520,1,1,,,,,
9/25/20,,Huggins,FW_Huggins,,,59,5,3,536,,11:10,11:15,2,F7,FW_Huggins_092520_F7,92520,1,1,,,,,
9/25/20,,Huggins,FW_Huggins,,,59,5,3,536,,11:10,11:15,2,F8,FW_Huggins_092520_F8,92520,1,1,,,,,
9/25/20,,Huggins,FW_Huggins,,,59,5,3,536,,11:10,11:15,2,F9,FW_Huggins_092520_F9,92520,1,1,,,,,
9/25/20,,Huggins,FW_Huggins,,,59,5,4,295,,NA,NA,NA,F10,FW_Huggins_092520_F10,92520,1,1,,,,,
9/25/20,,Huggins,FW_Huggins,,,59,5,4,295,,NA,NA,NA,F11,FW_Huggins_092520_F11,92520,,,,,,,
9/25/20,,Huggins,FW_Huggins,,,59,5,4,295,,NA,NA,NA,F12,FW_Huggins_092520_F12,92520,,,,,,,
9/25/20,,Huggins,FW_Huggins,,,59,5,5,65,,NA,NA,NA,F13,FW_Huggins_092520_F13,92520,,,,,,,
9/25/20,,Huggins,FW_Huggins,,,59,5,5,65,,NA,NA,NA,F14,FW_Huggins_092520_F14,92520,,,,,,,
9/25/20,,Huggins,FW_Huggins,,,59,5,5,65,,NA,NA,NA,F15,FW_Huggins_092520_F15,92520,,,,,,,
9/12/20,JD,Ford,HG_Home,40,Extremely High,63,10,1,56.1,95,11:45,11:49,2,F1,HG_Home_091220_F1,91220,,,,,,,
9/12/20,JD,Ford,HG_Home,40,Extremely High,63,10,1,56.1,95,11:45,11:49,2,F2,HG_Home_091220_F2,91220,,,,,,,
9/12/20,JD,Ford,HG_Home,40,Extremely High,63,10,1,56.1,95,11:45,11:49,2,F3,HG_Home_091220_F3,91220,,,,,,,
9/12/20,JD,Ford,HG_Home,40,Extremely High,63,10,2,28.7,85,11:54,11:59,6,F4,HG_Home_091220_F4,91220,,,,,,,
9/12/20,JD,Ford,HG_Home,40,Extremely High,63,10,2,28.7,85,11:54,11:59,6,F5,HG_Home_091220_F5,91220,,,,,,,
9/12/20,JD,Ford,HG_Home,40,Extremely High,63,10,2,28.7,85,11:54,11:59,6,F6,HG_Home_091220_F6,91220,,,,,,,
9/12/20,JD,Ford,HG_Home,40,Extremely High,63,10,3,21.3,95,12:13,12:18,0,F7,HG_Home_091220_F7,91220,,,,,,,
9/12/20,JD,Ford,HG_Home,40,Extremely High,63,10,3,21.3,95,12:13,12:18,0,F8,HG_Home_091220_F8,91220,,,,,,,
9/12/20,JD,Ford,HG_Home,40,Extremely High,63,10,3,21.3,95,12:13,12:18,0,F9,HG_Home_091220_F9,91220,,,,,,,
9/12/20,JD,Ford,HG_Home,40,Extremely High,63,10,4,12.2,70,,,NA,F10,HG_Home_091220_F10,91220,,,,,,,
9/12/20,JD,Ford,HG_Home,40,Extremely High,63,10,4,12.2,70,,,NA,F11,HG_Home_091220_F11,91220,,,,,,,
9/12/20,JD,Ford,HG_Home,40,Extremely High,63,10,4,12.2,70,,,NA,F12,HG_Home_091220_F12,91220,,,,,,,
9/12/20,JD,Ford,HG_Home,40,Extremely High,63,10,5,8.8,85,,,NA,F13,HG_Home_091220_F13,91220,,,,,,,
9/12/20,JD,Ford,HG_Home,40,Extremely High,63,10,5,8.8,85,,,NA,F14,HG_Home_091220_F14,91220,,,,,,,
9/12/20,JD,Ford,HG_Home,40,Extremely High,63,10,5,8.8,85,,,NA,F15,HG_Home_091220_F15,91220,,,,,,,
9/22/20,,Ford,HG_Home,,,63,0,1,35,25,NA,NA,NA,F1,HG_Home_092220_F1,92220,,,,,,,
9/22/20,,Ford,HG_Home,,,63,0,1,35,25,NA,NA,NA,F2,HG_Home_092220_F2,92220,,,,,,,
9/22/20,,Ford,HG_Home,,,63,0,1,35,25,NA,NA,NA,F3,HG_Home_092220_F3,92220,,,,,,,
9/22/20,,Ford,HG_Home,,,63,0,2,20,50,1:55,2:00,4,F4,HG_Home_092220_F4,92220,,,,,,,
9/22/20,,Ford,HG_Home,,,63,0,2,20,50,1:55,2:00,4,F5,HG_Home_092220_F5,92220,,,,,,,
9/22/20,,Ford,HG_Home,,,63,0,2,20,50,1:55,2:00,4,F6,HG_Home_092220_F6,92220,,,,,,,
9/22/20,,Ford,HG_Home,,,63,0,3,50,50,2:20,2:25,3,F7,HG_Home_092220_F7,92220,,,,,,,
9/22/20,,Ford,HG_Home,,,63,0,3,50,50,2:20,2:25,3,F8,HG_Home_092220_F8,92220,,,,,,,
9/22/20,,Ford,HG_Home,,,63,0,3,50,50,2:20,2:25,3,F9,HG_Home_092220_F9,92220,,,,,,,
9/22/20,,Ford,HG_Home,,,63,0,4,75,60,2:30,2:35,5,F10,HG_Home_092220_F10,92220,,,,,,,
9/22/20,,Ford,HG_Home,,,63,0,4,75,60,2:30,2:35,5,F11,HG_Home_092220_F11,92220,,,,,,,
9/22/20,,Ford,HG_Home,,,63,0,4,75,60,2:30,2:35,5,F12,HG_Home_092220_F12,92220,,,,,,,
9/22/20,,Ford,HG_Home,,,63,0,5,140,10,NA,NA,NA,F13,HG_Home_092220_F13,92220,,,,,,,
9/22/20,,Ford,HG_Home,,,63,0,5,140,10,NA,NA,NA,F14,HG_Home_092220_F14,92220,,,,,,,
9/22/20,,Ford,HG_Home,,,63,0,5,140,10,NA,NA,NA,F15,HG_Home_092220_F15,92220,,,,,,,
9/12/20,JD,Ford,HG_School,24,Low,68,70,1,34.1,60,1:58,2:03,11,F1,HG_School_091220_F1,91220,1,1,,153.7,2.12,0.97,
9/12/20,JD,Ford,HG_School,24,Low,68,70,1,34.1,60,1:58,2:03,11,F2,HG_School_091220_F2,91220,1,1,,113.3,2.13,0.39,
9/12/20,JD,Ford,HG_School,24,Low,68,70,1,34.1,60,1:58,2:03,11,F3,HG_School_091220_F3,91220,1,1,,175.8,2.13,1.93,
9/12/20,JD,Ford,HG_School,24,Low,68,70,2,26.2,50,2:11,2:16,2,F4,HG_School_091220_F4,91220,1,1,,127.2,2.09,1.93,
9/12/20,JD,Ford,HG_School,24,Low,68,70,2,26.2,50,2:11,2:16,2,F5,HG_School_091220_F5,91220,1,1,,142.4,2.12,0.79,
9/12/20,JD,Ford,HG_School,24,Low,68,70,2,26.2,50,2:11,2:16,2,F6,HG_School_091220_F6,91220,1,1,,156.2,2.09,2.21,
9/12/20,JD,Ford,HG_School,24,Low,68,70,3,76.8,95,2:32,2:37,10,F7,HG_School_091220_F7,91220,1,1,,136.3,2.14,0.41,
9/12/20,JD,Ford,HG_School,24,Low,68,70,3,76.8,95,2:32,2:37,10,F8,HG_School_091220_F8,91220,1,1,,133.7,2.11,2.02,
9/12/20,JD,Ford,HG_School,24,Low,68,70,3,76.8,95,2:32,2:37,10,F9,HG_School_091220_F9,91220,1,1,,214.8,2.12,2.08,
9/12/20,JD,Ford,HG_School,24,Low,68,70,4,68.9,95,,,NA,F10,HG_School_091220_F10,91220,1,1,,195.8,2.1,2.09,
9/12/20,JD,Ford,HG_School,24,Low,68,70,4,68.9,95,,,NA,F11,HG_School_091220_F11,91220,1,1,,174.5,2.1,1.73,
9/12/20,JD,Ford,HG_School,24,Low,68,70,4,68.9,95,,,NA,F12,HG_School_091220_F12,91220,1,1,,128.4,2.1,0.83,
9/12/20,JD,Ford,HG_School,24,Low,68,70,5,80.2,55,,,NA,F13,HG_School_091220_F13,91220,1,1,,115.3,2.11,1.44,
9/12/20,JD,Ford,HG_School,24,Low,68,70,5,80.2,55,,,NA,F14,HG_School_091220_F14,91220,1,1,,182.3,2.1,1.48,
9/12/20,JD,Ford,HG_School,24,Low,68,70,5,80.2,55,,,NA,F15,HG_School_091220_F15,91220,1,1,,121.8,2.14,0.84,
9/22/20,,Ford,HG_School,,,63,0,1,60,5,NA,NA,NA,F1,HG_School_092220_F1,92220,1,1,,183,2.1,1.89,
9/22/20,,Ford,HG_School,,,63,0,1,60,5,NA,NA,NA,F2,HG_School_092220_F2,92220,1,1,,173.6,2.1,2.36,
9/22/20,,Ford,HG_School,,,63,0,1,60,5,NA,NA,NA,F3,HG_School_092220_F3,92220,1,1,,211,2.12,1.96,
9/22/20,,Ford,HG_School,,,63,0,2,90,75,3:43,3:48,6,F4,HG_School_092220_F4,92220,1,1,,192.6,2.14,0.84,
9/22/20,,Ford,HG_School,,,63,0,2,90,75,3:43,3:48,6,F5,HG_School_092220_F5,92220,1,1,,254,2.07,2.27,
9/22/20,,Ford,HG_School,,,63,0,2,90,75,3:43,3:48,6,F6,HG_School_092220_F6,92220,1,1,,193.3,2.11,1.46,
9/22/20,,Ford,HG_School,,,63,0,3,100,40,3:55,4:00,12,F7,HG_School_092220_F7,92220,1,1,,224.8,2.15,0.52,
9/22/20,,Ford,HG_School,,,63,0,3,100,40,3:55,4:00,12,F8,HG_School_092220_F8,92220,1,1,,165.6,2.1,1.18,
9/22/20,,Ford,HG_School,,,63,0,3,100,40,3:55,4:00,12,F9,HG_School_092220_F9,92220,1,1,,244.6,2.09,2.13,
9/22/20,,Ford,HG_School,,,63,0,4,80,75,4:05,4:10,20,F10,HG_School_092220_F10,92220,1,1,,131,2.12,1,
9/22/20,,Ford,HG_School,,,63,0,4,80,75,4:05,4:10,20,F11,HG_School_092220_F11,92220,1,1,,209.9,2.09,2.23,
9/22/20,,Ford,HG_School,,,63,0,4,80,75,4:05,4:10,20,F12,HG_School_092220_F12,92220,1,1,,330.8,2.09,1.77,
9/22/20,,Ford,HG_School,,,63,0,5,75,5,NA,NA,NA,F13,HG_School_092220_F13,92220,1,1,,405.3,2.1,2.35,
9/22/20,,Ford,HG_School,,,63,0,5,75,5,NA,NA,NA,F14,HG_School_092220_F14,92220,1,1,,283.3,2.11,2.22,
9/22/20,,Ford,HG_School,,,63,0,5,75,5,NA,NA,NA,F15,HG_School_092220_F15,92220,1,1,,103.7,2.1,0.6,
9/11/20,ZGP,Baglio,KC_Domes,7,Med,55,100,1,50,90,12:21,12:26,3,F1,KC_Domes_091120_F1,91120,1,1,,303,2.12,2.35,
9/11/20,ZGP,Baglio,KC_Domes,7,Med,55,100,1,50,90,12:21,12:26,3,F2,KC_Domes_091120_F2,91120,1,1,,208.8,2.1,2.21,
9/11/20,ZGP,Baglio,KC_Domes,7,Med,55,100,1,50,90,12:21,12:26,3,F3,KC_Domes_091120_F3,91120,1,1,,183.8,2.07,2.24,
9/11/20,ZGP,Baglio,KC_Domes,7,Med,55,100,2,76,90,12:32,21:37,0,F4,KC_Domes_091120_F4,91120,1,1,,187.1,2.07,2.21,
9/11/20,ZGP,Baglio,KC_Domes,7,Med,55,100,2,76,90,12:32,21:37,0,F5,KC_Domes_091120_F5,91120,1,1,,179.2,2.07,2.31,
9/11/20,ZGP,Baglio,KC_Domes,7,Med,55,100,2,76,90,12:32,21:37,0,F6,KC_Domes_091120_F6,91120,1,1,,266,2.1,2.33,
9/11/20,ZGP,Baglio,KC_Domes,7,Med,55,100,3,95,100,,,NA,F7,KC_Domes_091120_F7,91120,1,1,,178.2,2.08,2.29,
9/11/20,ZGP,Baglio,KC_Domes,7,Med,55,100,3,95,100,,,NA,F8,KC_Domes_091120_F8,91120,1,1,,203.2,2.06,2.25,
9/11/20,ZGP,Baglio,KC_Domes,7,Med,55,100,3,95,100,,,NA,F9,KC_Domes_091120_F9,91120,1,1,,139.7,2.08,2.37,
9/11/20,ZGP,Baglio,KC_Domes,7,Med,55,100,4,160,90,12:49,12:54,0,F10,KC_Domes_091120_F10,91120,1,1,,183.1,2.08,2.34,
9/11/20,ZGP,Baglio,KC_Domes,7,Med,55,100,4,160,90,12:49,12:54,0,F11,KC_Domes_091120_F11,91120,1,1,,194.6,2.1,2.26,
9/11/20,ZGP,Baglio,KC_Domes,7,Med,55,100,4,160,90,12:49,12:54,0,F12,KC_Domes_091120_F12,91120,1,1,,347.6,2.12,2.34,
9/11/20,ZGP,Baglio,KC_Domes,7,Med,55,100,5,170,100,,,NA,F13,KC_Domes_091120_F13,91120,1,1,,204.4,2.11,2.22,
9/11/20,ZGP,Baglio,KC_Domes,7,Med,55,100,5,170,100,,,NA,F14,KC_Domes_091120_F14,91120,1,1,,201.7,2.07,1.95,
9/11/20,ZGP,Baglio,KC_Domes,7,Med,55,100,5,170,100,,,NA,F15,KC_Domes_091120_F15,91120,1,1,,160.5,2.08,2.1,
9/21/20,,Baglio,KC_Domes,,,64,15,1,,,NA,NA,7,F1,KC_Domes_092120_F1,92120,1,1,,217.2,2.11,2.33,
9/21/20,,Baglio,KC_Domes,,,64,15,1,,,NA,NA,7,F2,KC_Domes_092120_F2,92120,1,1,,230.4,2.1,1.48,
9/21/20,,Baglio,KC_Domes,,,64,15,1,,,NA,NA,7,F3,KC_Domes_092120_F3,92120,1,1,,558.8,2.18,2.2,
9/21/20,,Baglio,KC_Domes,,,64,15,2,120,50,NA,NA,7,F4,KC_Domes_092120_F4,92120,1,1,,324.7,2.12,2.25,
9/21/20,,Baglio,KC_Domes,,,64,15,2,120,50,NA,NA,7,F5,KC_Domes_092120_F5,92120,1,1,,276.8,2.13,2.32,
9/21/20,,Baglio,KC_Domes,,,64,15,2,120,50,NA,NA,7,F6,KC_Domes_092120_F6,92120,1,1,,254.5,2.13,2.07,
9/21/20,,Baglio,KC_Domes,,,64,15,3,160,75,NA,NA,23,F7,KC_Domes_092120_F7,92120,1,1,,298.3,2.13,2.18,
9/21/20,,Baglio,KC_Domes,,,64,15,3,160,75,NA,NA,23,F8,KC_Domes_092120_F8,92120,1,1,,265.9,2.11,2.06,
9/21/20,,Baglio,KC_Domes,,,64,15,3,160,75,NA,NA,23,F9,KC_Domes_092120_F9,92120,1,1,,317.9,2.13,2.31,
9/21/20,,Baglio,KC_Domes,,,64,15,4,156,40,NA,NA,NA,F10,KC_Domes_092120_F10,92120,1,1,,282.6,2.14,2.06,
9/21/20,,Baglio,KC_Domes,,,64,15,4,156,40,NA,NA,NA,F11,KC_Domes_092120_F11,92120,1,1,,220.4,2.13,1.58,
9/21/20,,Baglio,KC_Domes,,,64,15,4,156,40,NA,NA,NA,F12,KC_Domes_092120_F12,92120,1,1,,345.9,2.14,1.97,tiny drop of water touched the side
9/21/20,,Baglio,KC_Domes,,,64,15,5,155,30,NA,NA,NA,F13,KC_Domes_092120_F13,92120,1,1,,296.7,2.13,2.06,
9/21/20,,Baglio,KC_Domes,,,64,15,5,155,30,NA,NA,NA,F14,KC_Domes_092120_F14,92120,1,1,,336.4,2.14,2.21,
9/21/20,,Baglio,KC_Domes,,,64,15,5,155,30,NA,NA,NA,F15,KC_Domes_092120_F15,92120,1,1,,226,2.14,2.15,
9/16/20,CHD,Hearn,KI2_Stowe_Potato,15,Low,75,10,1,150,30,4:40,4:45,4,F1,KI2_Stowe_Potato_091620_F1,91620,,,,,,,
9/16/20,CHD,Hearn,KI2_Stowe_Potato,15,Low,75,10,1,150,30,4:40,4:45,4,F2,KI2_Stowe_Potato_091620_F2,91620,,,,,,,
9/16/20,CHD,Hearn,KI2_Stowe_Potato,15,Low,75,10,1,150,30,4:40,4:45,4,F3,KI2_Stowe_Potato_091620_F3,91620,,,,,,,
9/16/20,CHD,Hearn,KI2_Stowe_Potato,15,Low,75,10,2,180,50,4:55,5:05,1,F4,KI2_Stowe_Potato_091620_F4,91620,,,,,,,
9/16/20,CHD,Hearn,KI2_Stowe_Potato,15,Low,75,10,2,180,50,4:55,5:05,1,F5,KI2_Stowe_Potato_091620_F5,91620,,,,,,,
9/16/20,CHD,Hearn,KI2_Stowe_Potato,15,Low,75,10,2,180,50,4:55,5:05,1,F6,KI2_Stowe_Potato_091620_F6,91620,,,,,,,
9/16/20,CHD,Hearn,KI2_Stowe_Potato,15,Low,75,10,3,205,50,5:15,5:20,5,F7,KI2_Stowe_Potato_091620_F7,91620,,,,,,,
9/16/20,CHD,Hearn,KI2_Stowe_Potato,15,Low,75,10,3,205,50,5:15,5:20,5,F8,KI2_Stowe_Potato_091620_F8,91620,,,,,,,
9/16/20,CHD,Hearn,KI2_Stowe_Potato,15,Low,75,10,3,205,50,5:15,5:20,5,F9,KI2_Stowe_Potato_091620_F9,91620,,,,,,,
9/16/20,CHD,Hearn,KI2_Stowe_Potato,15,Low,75,10,4,210,80,5:25,5:30,33,F10,KI2_Stowe_Potato_091620_F10,91620,,,,,,,
9/16/20,CHD,Hearn,KI2_Stowe_Potato,15,Low,75,10,4,210,80,5:25,5:30,33,F11,KI2_Stowe_Potato_091620_F11,91620,,,,,,,
9/16/20,CHD,Hearn,KI2_Stowe_Potato,15,Low,75,10,4,210,80,5:25,5:30,33,F12,KI2_Stowe_Potato_091620_F12,91620,,,,,,,
9/16/20,CHD,Hearn,KI2_Stowe_Potato,15,Low,75,10,4,210,80,5:25,5:30,33,F13,KI2_Stowe_Potato_091620_F13,91620,,,,,,,
9/16/20,CHD,Hearn,KI2_Stowe_Potato,15,Low,75,10,4,210,80,5:25,5:30,33,F14,KI2_Stowe_Potato_091620_F14,91620,,,,,,,
9/16/20,CHD,Hearn,KI2_Stowe_Potato,15,Low,75,10,4,210,80,5:25,5:30,33,F15,KI2_Stowe_Potato_091620_F15,91620,,,,,,,
9/16/20,CHD,Hearn,KI2_Stowe_Potato,15,Low,75,10,6,310,40,5:45,5:50,8,F16,KI2_Stowe_Potato_091620_F16,91620,,,,,,,
9/16/20,CHD,Hearn,KI2_Stowe_Potato,15,Low,75,10,6,310,40,5:45,5:50,8,F17,KI2_Stowe_Potato_091620_F17,91620,,,,,,,
9/16/20,CHD,Hearn,KI2_Stowe_Potato,15,Low,75,10,6,310,40,5:45,5:50,8,F18,KI2_Stowe_Potato_091620_F18,91620,,,,,,,
9/16/20,CHD,Hearn,KI2_Stowe_Potato,15,Low,75,10,6,310,40,5:45,5:50,8,F19,KI2_Stowe_Potato_091620_F19,91620,,,,,,,
9/16/20,CHD,Hearn,KI2_Stowe_Potato,15,Low,75,10,7,220,30,,,NA,F19.2,KI2_Stowe_Potato_091620_F19.2,91620,,,,,,,
9/16/20,CHD,Hearn,KI2_Stowe_Potato,15,Low,75,10,7,220,30,,,NA,F20,KI2_Stowe_Potato_091620_F20,91620,,,,,,,
9/16/20,CHD,Hearn,KI2_Stowe_Potato,15,Low,75,10,7,220,30,,,NA,F21,KI2_Stowe_Potato_091620_F21,91620,,,,,,,
9/16/20,CHD,Hearn,KI2_Stowe_Potato,15,Low,75,10,8,205,40,,,NA,F22,KI2_Stowe_Potato_091620_F22,91620,,,,,,,
9/16/20,CHD,Hearn,KI2_Stowe_Potato,15,Low,75,10,8,205,40,,,NA,F23,KI2_Stowe_Potato_091620_F23,91620,,,,,,,
9/16/20,CHD,Hearn,KI2_Stowe_Potato,15,Low,75,10,8,205,40,,,NA,F24,KI2_Stowe_Potato_091620_F24,91620,,,,,,,
9/16/20,CHD,Hearn,KI2_Stowe_Potato,15,Low,75,10,9,,50,,,NA,F28,KI2_Stowe_Potato_091620_F28,91620,,,,,,,
9/16/20,CHD,Hearn,KI2_Stowe_Potato,15,Low,75,10,9,,50,,,NA,F29,KI2_Stowe_Potato_091620_F29,91620,,,,,,,
9/16/20,CHD,Hearn,KI2_Stowe_Potato,15,Low,75,10,9,,50,,,NA,F30,KI2_Stowe_Potato_091620_F30,91620,,,,,,,
9/16/20,CHD,Hearn,KI2_Stowe_Potato,15,Low,75,10,10,,80,,,NA,F25,KI2_Stowe_Potato_091620_F25,91620,,,,,,,
9/16/20,CHD,Hearn,KI2_Stowe_Potato,15,Low,75,10,10,,80,,,NA,F26,KI2_Stowe_Potato_091620_F26,91620,,,,,,,
9/16/20,CHD,Hearn,KI2_Stowe_Potato,15,Low,75,10,10,,80,,,NA,F27,KI2_Stowe_Potato_091620_F27,91620,,,,,,,
9/23/20,,Stone,LT_Grange,19,,63,95,1,60,40,1:20,1:25,5,F1,LT_Grange_092320_F1,92320,1,1,1,338.7,2.09,2.24,
9/23/20,,Stone,LT_Grange,19,,63,95,1,60,40,1:20,1:25,5,F2,LT_Grange_092320_F2,92320,1,1,1,333.4,2.1,1.89,
9/23/20,,Stone,LT_Grange,19,,63,95,1,60,40,1:20,1:25,5,F3,LT_Grange_092320_F3,92320,1,1,1,183.7,2.11,0.57,
9/23/20,,Stone,LT_Grange,19,,63,95,2,95,75,1:33,1:38,9,F4,LT_Grange_092320_F4,92320,1,1,1,208.5,2.1,1.9,
9/23/20,,Stone,LT_Grange,19,,63,95,2,95,75,1:33,1:38,9,F5,LT_Grange_092320_F5,92320,1,1,1,287.5,2.12,2.1,
9/23/20,,Stone,LT_Grange,19,,63,95,2,95,75,1:33,1:38,9,F6,LT_Grange_092320_F6,92320,1,1,1,204.3,2.08,2.04,
9/23/20,,Stone,LT_Grange,19,,63,95,3,75,25,1:56,2:01,1,F7,LT_Grange_092320_F7,92320,1,1,1,272.8,2.13,1.34,
9/23/20,,Stone,LT_Grange,19,,63,95,3,75,25,1:56,2:01,1,F8,LT_Grange_092320_F8,92320,1,1,1,232.1,2.14,0.67,
9/23/20,,Stone,LT_Grange,19,,63,95,3,75,25,1:56,2:01,1,F9,LT_Grange_092320_F9,92320,1,1,1,207.8,2.08,2.28,
9/23/20,,Stone,LT_Grange,19,,63,95,4,75,25,NA,NA,NA,F10,LT_Grange_092320_F10,92320,1,1,1,353.5,2.14,1.44,
9/23/20,,Stone,LT_Grange,19,,63,95,4,75,25,NA,NA,NA,F11,LT_Grange_092320_F11,92320,1,1,1,376.1,2.1,2.26,
9/23/20,,Stone,LT_Grange,19,,63,95,4,75,25,NA,NA,NA,F12,LT_Grange_092320_F12,92320,1,1,1,270.1,2.12,1.86,
9/23/20,,Stone,LT_Grange,19,,63,95,5,100,50,NA,NA,NA,F13,LT_Grange_092320_F13,92320,1,1,1,209.7,2.1,2.23,
9/23/20,,Stone,LT_Grange,19,,63,95,5,100,50,NA,NA,NA,F14,LT_Grange_092320_F14,92320,1,1,1,214.7,2.11,1.84,
9/23/20,,Stone,LT_Grange,19,,63,95,5,100,50,NA,NA,NA,F15,LT_Grange_092320_F15,92320,1,1,1,196.2,2.07,2.18,
9/23/20,,Stone,LT_Grange,19,,63,95,5,100,50,NA,NA,NA,Control1,LT_Grange_092320_Control1,92320,1,1,1,4.9,,,
9/9/20,,Stone,LT_Grange,19,,63,95,1,60,40,1:20,1:25,5,F1,LT_Grange_090920_F1,90920,1,1,,197.7,2.12,0.38,spin column touched centrifuge
9/9/20,,Stone,LT_Grange,19,,63,95,1,60,40,1:20,1:25,5,F2,LT_Grange_090920_F2,90920,1,1,,270.7,2.1,2.09,
9/9/20,,Stone,LT_Grange,19,,63,95,1,60,40,1:20,1:25,5,F3,LT_Grange_090920_F3,90920,1,1,,88.2,2.08,0.58,
9/9/20,,Stone,LT_Grange,19,,63,95,2,95,75,1:33,1:38,9,F4,LT_Grange_090920_F4,90920,1,1,,109.5,2.09,0.59,
9/9/20,,Stone,LT_Grange,19,,63,95,2,95,75,1:33,1:38,9,F5,LT_Grange_090920_F5,90920,1,1,,163.7,2.06,0.98,
9/9/20,,Stone,LT_Grange,19,,63,95,2,95,75,1:33,1:38,9,F6,LT_Grange_090920_F6,90920,1,1,,162.8,2.06,2.05,
9/9/20,,Stone,LT_Grange,19,,63,95,3,75,25,1:56,2:01,1,F7,LT_Grange_090920_F7,90920,1,1,,187.8,2.12,1.1,
9/9/20,,Stone,LT_Grange,19,,63,95,3,75,25,1:56,2:01,1,F8,LT_Grange_090920_F8,90920,1,1,,209.1,2.1,1.97,
9/9/20,,Stone,LT_Grange,19,,63,95,3,75,25,1:56,2:01,1,F9,LT_Grange_090920_F9,90920,1,1,,238.3,2.08,2.29,
9/9/20,,Stone,LT_Grange,19,,63,95,4,75,25,NA,NA,NA,F10,LT_Grange_090920_F10,90920,1,1,,113,2.11,0.66,
9/9/20,,Stone,LT_Grange,19,,63,95,4,75,25,NA,NA,NA,F11,LT_Grange_090920_F11,90920,1,1,,156.4,2.11,1.22,
9/9/20,,Stone,LT_Grange,19,,63,95,4,75,25,NA,NA,NA,F12,LT_Grange_090920_F12,90920,1,1,,177.9,2.1,0.86,
9/9/20,,Stone,LT_Grange,19,,63,95,5,100,50,NA,NA,NA,F13,LT_Grange_090920_F13,90920,1,1,,234.8,2.12,1.38,
9/9/20,,Stone,LT_Grange,19,,63,95,5,100,50,NA,NA,NA,F14,LT_Grange_090920_F14,90920,1,1,,200.1,2.12,1,
9/9/20,,Stone,LT_Grange,19,,63,95,5,100,50,NA,NA,NA,F15,LT_Grange_090920_F15,90920,1,1,,204.9,2.1,1.64,
9/9/20,ZGP,Stone,LT_Waterville_Sheds,15,Low,81,5,1,20,10,12:01,12:06,1,F1,LT_Waterville_Sheds_090920_F1,90920,,,,,,,
9/9/20,ZGP,Stone,LT_Waterville_Sheds,15,Low,81,5,1,20,10,12:01,12:06,1,F2,LT_Waterville_Sheds_090920_F2,90920,,,,,,,
9/9/20,ZGP,Stone,LT_Waterville_Sheds,15,Low,81,5,1,20,10,12:01,12:06,1,F3,LT_Waterville_Sheds_090920_F3,90920,,,,,,,
9/9/20,ZGP,Stone,LT_Waterville_Sheds,15,Low,81,5,2,195,70,12:37,12:43,10,F4,LT_Waterville_Sheds_090920_F4,90920,,,,,,,
9/9/20,ZGP,Stone,LT_Waterville_Sheds,15,Low,81,5,2,195,70,12:37,12:43,10,F5,LT_Waterville_Sheds_090920_F5,90920,,,,,,,
9/9/20,ZGP,Stone,LT_Waterville_Sheds,15,Low,81,5,2,195,70,12:37,12:43,10,F6,LT_Waterville_Sheds_090920_F6,90920,,,,,,,
9/9/20,ZGP,Stone,LT_Waterville_Sheds,15,Low,81,5,3,185,15,12:52,,NA,F7,LT_Waterville_Sheds_090920_F7,90920,,,,,,,
9/9/20,ZGP,Stone,LT_Waterville_Sheds,15,Low,81,5,3,185,15,12:52,,NA,F8,LT_Waterville_Sheds_090920_F8,90920,,,,,,,
9/9/20,ZGP,Stone,LT_Waterville_Sheds,15,Low,81,5,3,185,15,12:52,,NA,F9,LT_Waterville_Sheds_090920_F9,90920,,,,,,,
9/9/20,ZGP,Stone,LT_Waterville_Sheds,15,Low,81,5,4,232,100,1:03,1:09,13,F10,LT_Waterville_Sheds_090920_F10,90920,,,,,,,
9/9/20,ZGP,Stone,LT_Waterville_Sheds,15,Low,81,5,4,232,100,1:03,1:09,13,F11,LT_Waterville_Sheds_090920_F11,90920,,,,,,,
9/9/20,ZGP,Stone,LT_Waterville_Sheds,15,Low,81,5,4,232,100,1:03,1:09,13,F14,LT_Waterville_Sheds_090920_F14,90920,,,,,,,
9/9/20,ZGP,Stone,LT_Waterville_Sheds,15,Low,81,5,5,202,25,1:25,,NA,F12,LT_Waterville_Sheds_090920_F12,90920,,,,,,,
9/9/20,ZGP,Stone,LT_Waterville_Sheds,15,Low,81,5,5,202,25,1:25,,NA,F13,LT_Waterville_Sheds_090920_F13,90920,,,,,,,
9/9/20,ZGP,Stone,LT_Waterville_Sheds,15,Low,81,5,5,202,25,1:25,,NA,F15,LT_Waterville_Sheds_090920_F15,90920,,,,,,,
9/23/20,,Stone,LT_Waterville_Sheds,,,63,30,1,115,50,3:18,3:23,14,F1,LT_Waterville_Sheds_092320_F1,92320,,,,,,,
9/23/20,,Stone,LT_Waterville_Sheds,,,63,30,1,115,50,3:18,3:23,14,F2,LT_Waterville_Sheds_092320_F2,92320,,,,,,,
9/23/20,,Stone,LT_Waterville_Sheds,,,63,30,1,115,50,3:18,3:23,14,F3,LT_Waterville_Sheds_092320_F3,92320,,,,,,,
9/23/20,,Stone,LT_Waterville_Sheds,,,63,30,2,175,50,3:29,3:34,11,F4,LT_Waterville_Sheds_092320_F4,92320,,,,,,,
9/23/20,,Stone,LT_Waterville_Sheds,,,63,30,2,175,50,3:29,3:34,11,F5,LT_Waterville_Sheds_092320_F5,92320,,,,,,,
9/23/20,,Stone,LT_Waterville_Sheds,,,63,30,2,175,50,3:29,3:34,11,F6,LT_Waterville_Sheds_092320_F6,92320,,,,,,,
9/23/20,,Stone,LT_Waterville_Sheds,,,63,30,3,230,75,3:40,3:45,5,F7,LT_Waterville_Sheds_092320_F7,92320,,,,,,,
9/23/20,,Stone,LT_Waterville_Sheds,,,63,30,3,230,75,3:40,3:45,5,F8,LT_Waterville_Sheds_092320_F8,92320,,,,,,,
9/23/20,,Stone,LT_Waterville_Sheds,,,63,30,3,230,75,3:40,3:45,5,F9,LT_Waterville_Sheds_092320_F9,92320,,,,,,,
9/23/20,,Stone,LT_Waterville_Sheds,,,63,30,4,210,30,NA,NA,NA,F10,LT_Waterville_Sheds_092320_F10,92320,,,,,,,
9/23/20,,Stone,LT_Waterville_Sheds,,,63,30,4,210,30,NA,NA,NA,F11,LT_Waterville_Sheds_092320_F11,92320,,,,,,,
9/23/20,,Stone,LT_Waterville_Sheds,,,63,30,4,210,30,NA,NA,NA,F12,LT_Waterville_Sheds_092320_F12,92320,,,,,,,
9/23/20,,Stone,LT_Waterville_Sheds,,,63,30,5,190,80,NA,NA,NA,F13,LT_Waterville_Sheds_092320_F13,92320,,,,,,,
9/23/20,,Stone,LT_Waterville_Sheds,,,63,30,5,190,80,NA,NA,NA,F14,LT_Waterville_Sheds_092320_F14,92320,,,,,,,
9/23/20,,Stone,LT_Waterville_Sheds,,,63,30,5,190,80,NA,NA,NA,F15,LT_Waterville_Sheds_092320_F15,92320,,,,,,,
9/16/20,CHD,Lamonica,MM_Swede,22,Med,59,NA,1,41,25,11:42,11:47,2,F1,MM_Swede_091620_F1,91620,1,1,1,252,2.12,1.65,
9/16/20,CHD,Lamonica,MM_Swede,22,Med,59,NA,1,41,25,11:42,11:47,2,F2,MM_Swede_091620_F2,91620,1,1,1,133.3,2.11,1.67,
9/16/20,CHD,Lamonica,MM_Swede,22,Med,59,NA,1,41,25,11:42,11:47,2,F3,MM_Swede_091620_F3,91620,1,1,1,161.8,2.12,2,
9/16/20,CHD,Lamonica,MM_Swede,22,Med,59,NA,2,70,15,12:00,12:05,0,F4,MM_Swede_091620_F4,91620,1,1,1,321.3,2.14,1.39,
9/16/20,CHD,Lamonica,MM_Swede,22,Med,59,NA,2,70,15,12:00,12:05,0,F5,MM_Swede_091620_F5,91620,missing,,,,,,
9/16/20,CHD,Lamonica,MM_Swede,22,Med,59,NA,2,70,15,12:00,12:05,0,F6,MM_Swede_091620_F6,91620,1,1,1,156.2,2.06,1.78,
9/16/20,CHD,Lamonica,MM_Swede,22,Med,59,NA,3,150,5,,,NA,F7,MM_Swede_091620_F7,91620,1,1,1,149,2.12,1.92,
9/16/20,CHD,Lamonica,MM_Swede,22,Med,59,NA,3,150,5,,,NA,F8,MM_Swede_091620_F8,91620,1,1,1,210.3,2.12,1.95,
9/16/20,CHD,Lamonica,MM_Swede,22,Med,59,NA,3,150,5,,,NA,F9,MM_Swede_091620_F9,91620,1,1,1,268.4,2.13,2.23,
9/16/20,CHD,Lamonica,MM_Swede,22,Med,59,NA,4,215,30,12:30,12:35,0,F10,MM_Swede_091620_F10,91620,1,1,1,168.3,2.1,2.19,
9/16/20,CHD,Lamonica,MM_Swede,22,Med,59,NA,4,215,30,12:30,12:35,0,F11,MM_Swede_091620_F11,91620,1,1,1,355,2.13,2.36,
9/16/20,CHD,Lamonica,MM_Swede,22,Med,59,NA,4,215,30,12:30,12:35,0,F12,MM_Swede_091620_F12,91620,1,1,1,163.8,2.09,1.8,
9/16/20,CHD,Lamonica,MM_Swede,22,Med,59,,,,,,,,Control1,MM_Swede_091620_Control1,91620,1,1,1,3.3,,,
9/16/20,CHD,Lamonica,MM_Swede,22,Med,59,,,,,,,,Control2,MM_Swede_091620_Control2,91620,,,,3,,,
9/16/20,CHD,Lamonica,MM_Swede,22,Med,59,NA,5,270,40,,,NA,F13,MM_Swede_091520_F13,91520,c,,,,,,
9/16/20,CHD,Lamonica,MM_Swede,22,Med,59,NA,5,270,40,,,NA,F14,MM_Swede_091520_F14,91520,1,,,,,,
9/16/20,CHD,Lamonica,MM_Swede,22,Med,59,NA,5,270,40,,,NA,F15,MM_Swede_091520_F15,91520,1,,,,,,
9/16/20,CHD,Lamonica,MM_Swede,22,Med,59,NA,6,418,100,1:05,,10,F16,MM_Swede_091520_F16,91520,1,,,182.9,,,
9/16/20,CHD,Lamonica,MM_Swede,22,Med,59,NA,6,418,100,1:05,,10,F17,MM_Swede_091520_F17,91520,1,,,286.7,,,
9/16/20,CHD,Lamonica,MM_Swede,22,Med,59,NA,6,418,100,1:05,,10,F18,MM_Swede_091520_F18,91520,,,,,,,
9/16/20,CHD,Lamonica,MM_Swede,22,Med,59,NA,7,450,100,1:05,,6,F19,MM_Swede_091520_F19,91520,1,,,266.1,,,
9/16/20,CHD,Lamonica,MM_Swede,22,Med,59,NA,7,450,100,1:05,,6,F20,MM_Swede_091520_F20,91520,1,,,356.3,,,
9/16/20,CHD,Lamonica,MM_Swede,22,Med,59,NA,7,450,100,1:05,,6,F21,MM_Swede_091520_F21,91520,1,,,204.4,,,
9/16/20,CHD,Lamonica,MM_Swede,22,Med,59,NA,8,465,80,,,NA,F22,MM_Swede_091520_F22,91520,1,,,239.3,,,
9/16/20,CHD,Lamonica,MM_Swede,22,Med,59,NA,8,465,80,,,NA,F23,MM_Swede_091520_F23,91520,1,,,227.3,,,
9/16/20,CHD,Lamonica,MM_Swede,22,Med,59,NA,8,465,80,,,NA,F24,MM_Swede_091520_F24,91520,1,,,214.4,,,
9/16/20,CHD,Lamonica,MM_Swede,22,Med,59,NA,9,440,50,,,NA,F25,MM_Swede_091520_F25,91520,1,,,206.9,,,
9/16/20,CHD,Lamonica,MM_Swede,22,Med,59,NA,9,440,50,,,NA,F26,MM_Swede_091520_F26,91520,1,,,263.1,,,
,,,,,,,,,,,,,,,MM_Swede_091520_Control,,,,,5.2,,,
9/16/20,CHD,Lamonica,MM_Swede,22,Med,59,NA,9,440,50,,,NA,F27,MM_Swede_091520_F27,91520,1,,,,,,
9/16/20,CHD,Lamonica,MM_Swede,22,Med,59,NA,10,480,50,,,NA,F28,MM_Swede_091520_F28,91520,1,,,,,,
9/16/20,CHD,Lamonica,MM_Swede,22,Med,59,NA,10,480,50,,,NA,F29,MM_Swede_091520_F29,91520,,,,,,,
9/16/20,CHD,Lamonica,MM_Swede,22,Med,59,NA,10,480,50,,,NA,F30,MM_Swede_091520_F30,91520,,,,,,,
9/10/20,,Fiegl,NG_Ball_Rd,13,Low,70,100,1,97.5,50,2:05,,28,F1,NG_Ball_Rd_091020_F1,91020,1,,,,,,
9/10/20,,Fiegl,NG_Ball_Rd,13,Low,70,100,1,97.5,50,2:05,,28,F2,NG_Ball_Rd_091020_F2,91020,1,1,1,233.3,2.12,2.23,
9/10/20,,Fiegl,NG_Ball_Rd,13,Low,70,100,1,97.5,50,2:05,,28,F3,NG_Ball_Rd_091020_F3,91020,1,,,,,,
9/10/20,,Fiegl,NG_Ball_Rd,13,Low,70,100,2,113.7,50,2:12,,4,F4,NG_Ball_Rd_091020_F4,91020,1,,,,,,
9/10/20,,Fiegl,NG_Ball_Rd,13,Low,70,100,2,113.7,50,2:12,,4,F5,NG_Ball_Rd_091020_F5,91020,1,,,,,,
9/10/20,,Fiegl,NG_Ball_Rd,13,Low,70,100,2,113.7,50,2:12,,4,F6,NG_Ball_Rd_091020_F6,91020,1,1,1,467,2.1,2.29,
9/10/20,,Fiegl,NG_Ball_Rd,13,Low,70,100,3,96,90,2:24,,7,F7,NG_Ball_Rd_091020_F7,91020,1,,,,,,
9/10/20,,Fiegl,NG_Ball_Rd,13,Low,70,100,3,96,90,2:24,,7,F8,NG_Ball_Rd_091020_F8,91020,1,1,1,331.4,2.1,2.22,
9/10/20,,Fiegl,NG_Ball_Rd,13,Low,70,100,3,96,90,2:24,,7,F9,NG_Ball_Rd_091020_F9,91020,1,1,1,430.6,2.08,2.29,
9/10/20,,Fiegl,NG_Ball_Rd,13,Low,70,100,4,123.4,40,2:20,,NA,F10,NG_Ball_Rd_091020_F10,91020,1,1,1,306,2.02,2.36,
9/10/20,,Fiegl,NG_Ball_Rd,13,Low,70,100,4,123.4,40,2:20,,NA,F11,NG_Ball_Rd_091020_F11,91020,1,1,1,382.3,2.09,2.29,
9/10/20,,Fiegl,NG_Ball_Rd,13,Low,70,100,4,123.4,40,2:20,,NA,F12,NG_Ball_Rd_091020_F12,91020,1,1,1,216.1,2.06,2.02,
9/10/20,,Fiegl,NG_Ball_Rd,13,Low,70,100,5,139,15,,,NA,F13,NG_Ball_Rd_091020_F13,91020,1,1,1,268.4,2.12,2.25,
9/10/20,,Fiegl,NG_Ball_Rd,13,Low,70,100,5,139,15,,,NA,F14,NG_Ball_Rd_091020_F14,91020,1,1,1,275.8,2.09,2.33,
9/10/20,,Fiegl,NG_Ball_Rd,13,Low,70,100,5,139,15,,,NA,F15,NG_Ball_Rd_091020_F15,91020,1,1,1,315.6,2.12,2.37,
9/10/20,,Fiegl,NG_Ball_Rd,13,,,,,,,,,,Control,NG_Ball_Rd_091020_Control,91020,1,1,1,3.5,1.74,0.18,
9/20/20,,Fiegl,NG_Ball_Rd,,,61,10,1,140,20,3:32,3:37,5,F1,NG_Ball_Rd_092020_F1,92020,1,1,1,192.1,,,
9/20/20,,Fiegl,NG_Ball_Rd,,,61,10,1,140,20,3:32,3:37,5,F2,NG_Ball_Rd_092020_F2,92020,1,1,1,181.5,,,
9/20/20,,Fiegl,NG_Ball_Rd,,,61,10,1,140,20,3:32,3:37,5,F3,NG_Ball_Rd_092020_F3,92020,1,1,1,199.6,,,
9/20/20,,Fiegl,NG_Ball_Rd,,,61,10,2,130,10,NA,NA,7,F4,NG_Ball_Rd_092020_F4,92020,1,1,1,201.8,,,
9/20/20,,Fiegl,NG_Ball_Rd,,,61,10,2,130,10,NA,NA,7,F5,NG_Ball_Rd_092020_F5,92020,1,1,1,333.4,,,
9/20/20,,Fiegl,NG_Ball_Rd,,,61,10,2,130,10,NA,NA,7,F6,NG_Ball_Rd_092020_F6,92020,1,1,1,230.5,,,
9/20/20,,Fiegl,NG_Ball_Rd,,,61,10,3,125,20,NA,NA,3,F7,NG_Ball_Rd_092020_F7,92020,1,1,1,303.8,,,
9/20/20,,Fiegl,NG_Ball_Rd,,,61,10,3,125,20,NA,NA,3,F8,NG_Ball_Rd_092020_F8,92020,1,1,1,363.7,,,
9/20/20,,Fiegl,NG_Ball_Rd,,,61,10,3,125,20,NA,NA,3,F9,NG_Ball_Rd_092020_F9,92020,1,1,1,253.3,,,
9/20/20,,Fiegl,NG_Ball_Rd,,,61,10,4,68,10,NA,NA,NA,F10,NG_Ball_Rd_092020_F10,92020,1,1,1,273.6,,,
9/20/20,,Fiegl,NG_Ball_Rd,,,61,10,4,68,10,NA,NA,NA,F11,NG_Ball_Rd_092020_F11,92020,,,,,,,
9/20/20,,Fiegl,NG_Ball_Rd,,,61,10,4,68,10,NA,NA,NA,F12,NG_Ball_Rd_092020_F12,92020,,,,,,,
9/20/20,,Fiegl,NG_Ball_Rd,,,61,10,5,50,10,NA,NA,NA,F13,NG_Ball_Rd_092020_F13,92020,,,,,,,
9/20/20,,Fiegl,NG_Ball_Rd,,,61,10,5,50,10,NA,NA,NA,F14,NG_Ball_Rd_092020_F14,92020,,,,,,,
9/20/20,,Fiegl,NG_Ball_Rd,,,61,10,5,50,10,NA,NA,NA,F15,NG_Ball_Rd_092020_F15,92020,,,,,,,
9/8/20,HLG,Finster,QG_Johnson_Rd,28,High,82,10,1,36.6,95,2:45,2:50,19,F1,QG_Johnson_Rd_090820_F1,90820,,,,,,,
9/8/20,HLG,Finster,QG_Johnson_Rd,28,High,82,10,1,36.6,95,2:45,2:50,19,F2,QG_Johnson_Rd_090820_F2,90820,,,,,,,
9/8/20,HLG,Finster,QG_Johnson_Rd,28,High,82,10,1,36.6,95,2:45,2:50,19,F3,QG_Johnson_Rd_090820_F3,90820,,,,,,,
9/8/20,HLG,Finster,QG_Johnson_Rd,28,High,82,10,2,32,100,2:53,3:00,7,F4,QG_Johnson_Rd_090820_F4,90820,,,,,,,
9/8/20,HLG,Finster,QG_Johnson_Rd,28,High,82,10,2,32,100,2:53,3:00,7,F5,QG_Johnson_Rd_090820_F5,90820,,,,,,,
9/8/20,HLG,Finster,QG_Johnson_Rd,28,High,82,10,2,32,100,2:53,3:00,7,F6,QG_Johnson_Rd_090820_F6,90820,,,,,,,
9/8/20,HLG,Finster,QG_Johnson_Rd,28,High,82,10,3,62.5,100,3:10,3:15,12,F7,QG_Johnson_Rd_090820_F7,90820,,,,,,,
9/8/20,HLG,Finster,QG_Johnson_Rd,28,High,82,10,3,62.5,100,3:10,3:15,12,F8,QG_Johnson_Rd_090820_F8,90820,,,,,,,
9/8/20,HLG,Finster,QG_Johnson_Rd,28,High,82,10,3,62.5,100,3:10,3:15,12,F9,QG_Johnson_Rd_090820_F9,90820,,,,,,,
9/8/20,HLG,Finster,QG_Johnson_Rd,28,High,82,10,4,56.7,100,3:22,,NA,F10,QG_Johnson_Rd_090820_F10,90820,,,,,,,
9/8/20,HLG,Finster,QG_Johnson_Rd,28,High,82,10,4,56.7,100,3:22,,NA,F11,QG_Johnson_Rd_090820_F11,90820,,,,,,,
9/8/20,HLG,Finster,QG_Johnson_Rd,28,High,82,10,4,56.7,100,3:22,,NA,F12,QG_Johnson_Rd_090820_F12,90820,,,,,,,
9/8/20,HLG,Finster,QG_Johnson_Rd,28,High,82,10,5,79.6,100,3:26,,NA,F13,QG_Johnson_Rd_090820_F13,90820,,,,,,,
9/8/20,HLG,Finster,QG_Johnson_Rd,28,High,82,10,5,79.6,100,3:26,,NA,F14,QG_Johnson_Rd_090820_F14,90820,,,,,,,
9/8/20,HLG,Finster,QG_Johnson_Rd,28,High,82,10,5,79.6,100,3:26,,NA,F15,QG_Johnson_Rd_090820_F15,90820,,,,,,,
9/22/20,,Finster,QG_Johnson_Rd,,,55,5,1,115,50,10:40,10:45,2,F1,QG_Johnson_Rd_092220_F1,92220,1,,,,,,
9/22/20,,Finster,QG_Johnson_Rd,,,55,5,1,115,50,10:40,10:45,2,F2,QG_Johnson_Rd_092220_F2,92220,1,,,,,,
9/22/20,,Finster,QG_Johnson_Rd,,,55,5,1,115,50,10:40,10:45,2,F3,QG_Johnson_Rd_092220_F3,92220,1,,,,,,
9/22/20,,Finster,QG_Johnson_Rd,,,55,5,2,150,90,NA,NA,NA,F4,QG_Johnson_Rd_092220_F4,92220,1,,,,,,
9/22/20,,Finster,QG_Johnson_Rd,,,55,5,2,150,90,NA,NA,NA,F5,QG_Johnson_Rd_092220_F5,92220,1,,,,,,
9/22/20,,Finster,QG_Johnson_Rd,,,55,5,2,150,90,NA,NA,NA,F6,QG_Johnson_Rd_092220_F6,92220,1,,,,,,
9/22/20,,Finster,QG_Johnson_Rd,,,55,5,3,105,70,NA,NA,6,F7,QG_Johnson_Rd_092220_F7,92220,1,,,,,,
9/22/20,,Finster,QG_Johnson_Rd,,,55,5,3,105,70,NA,NA,6,F8,QG_Johnson_Rd_092220_F8,92220,1,,,,,,
9/22/20,,Finster,QG_Johnson_Rd,,,55,5,3,105,70,NA,NA,6,F9,QG_Johnson_Rd_092220_F9,92220,1,,,,,,
9/22/20,,Finster,QG_Johnson_Rd,,,55,5,4,160,80,NA,NA,11,F10,QG_Johnson_Rd_092220_F10,92220,1,,,,,,
9/22/20,,Finster,QG_Johnson_Rd,,,55,5,4,160,80,NA,NA,11,F11,QG_Johnson_Rd_092220_F11,92220,1,,,,,,
9/22/20,,Finster,QG_Johnson_Rd,,,55,5,4,160,80,NA,NA,11,F12,QG_Johnson_Rd_092220_F12,92220,1,,,,,,
9/22/20,,Finster,QG_Johnson_Rd,,,55,5,5,175,50,NA,NA,NA,F13,QG_Johnson_Rd_092220_F13,92220,1,,,,,,
9/22/20,,Finster,QG_Johnson_Rd,,,55,5,5,175,50,NA,NA,NA,F14,QG_Johnson_Rd_092220_F14,92220,1,,,,,,
9/22/20,,Finster,QG_Johnson_Rd,,,55,5,5,175,50,NA,NA,NA,F15,QG_Johnson_Rd_092220_F15,92220,1,,,,,,
9/22/20,,Finster,QG_Millers_Grove,,,61,0,1,185,50,11:50,11:55,5,F1,QG_Millers_Grove_092220_F1,92220,,,,,,,
9/22/20,,Finster,QG_Millers_Grove,,,61,0,1,185,50,11:50,11:55,5,F2,QG_Millers_Grove_092220_F2,92220,,,,,,,
9/22/20,,Finster,QG_Millers_Grove,,,61,0,1,185,50,11:50,11:55,5,F3,QG_Millers_Grove_092220_F3,92220,,,,,,,
9/22/20,,Finster,QG_Millers_Grove,,,61,0,2,200,75,12:03,12:08,15,F4,QG_Millers_Grove_092220_F4,92220,,,,,,,
9/22/20,,Finster,QG_Millers_Grove,,,61,0,2,200,75,12:03,12:08,15,F5,QG_Millers_Grove_092220_F5,92220,,,,,,,
9/22/20,,Finster,QG_Millers_Grove,,,61,0,2,200,75,12:03,12:08,15,F6,QG_Millers_Grove_092220_F6,92220,,,,,,,
9/22/20,,Finster,QG_Millers_Grove,,,61,0,3,210,40,12:15,12:20,6,F7,QG_Millers_Grove_092220_F7,92220,,,,,,,
9/22/20,,Finster,QG_Millers_Grove,,,61,0,3,210,40,12:15,12:20,6,F8,QG_Millers_Grove_092220_F8,92220,,,,,,,
9/22/20,,Finster,QG_Millers_Grove,,,61,0,3,210,40,12:15,12:20,6,F9,QG_Millers_Grove_092220_F9,92220,,,,,,,
9/22/20,,Finster,QG_Millers_Grove,,,61,0,4,100,20,NA,NA,NA,F10,QG_Millers_Grove_092220_F10,92220,,,,,,,
9/22/20,,Finster,QG_Millers_Grove,,,61,0,4,100,20,NA,NA,NA,F11,QG_Millers_Grove_092220_F11,92220,,,,,,,
9/22/20,,Finster,QG_Millers_Grove,,,61,0,4,100,20,NA,NA,NA,F12,QG_Millers_Grove_092220_F12,92220,,,,,,,
9/22/20,,Finster,QG_Millers_Grove,,,61,0,5,85,40,NA,NA,NA,F13,QG_Millers_Grove_092220_F13,92220,,,,,,,
9/22/20,,Finster,QG_Millers_Grove,,,61,0,5,85,40,NA,NA,NA,F14,QG_Millers_Grove_092220_F14,92220,,,,,,,
9/22/20,,Finster,QG_Millers_Grove,,,61,0,5,85,40,NA,NA,NA,F15,QG_Millers_Grove_092220_F15,92220,,,,,,,
9/8/20,HLG,Finster,QG_Millers_Rd,33,Med,79,30,1,33.5,95,12:50,12:55,1,F1,QG_Millers_Rd_090820_F1,90820,,,,,,,
9/8/20,HLG,Finster,QG_Millers_Rd,33,Med,79,30,1,33.5,95,12:50,12:55,1,F2,QG_Millers_Rd_090820_F2,90820,,,,,,,
9/8/20,HLG,Finster,QG_Millers_Rd,33,Med,79,30,1,33.5,95,12:50,12:55,1,F3,QG_Millers_Rd_090820_F3,90820,,,,,,,
9/8/20,HLG,Finster,QG_Millers_Rd,33,Med,79,30,2,67.4,100,12:58,1:03,7,F4,QG_Millers_Rd_090820_F4,90820,,,,,,,
9/8/20,HLG,Finster,QG_Millers_Rd,33,Med,79,30,2,67.4,100,12:58,1:03,7,F5,QG_Millers_Rd_090820_F5,90820,,,,,,,
9/8/20,HLG,Finster,QG_Millers_Rd,33,Med,79,30,2,67.4,100,12:58,1:03,7,F6,QG_Millers_Rd_090820_F6,90820,,,,,,,
9/8/20,HLG,Finster,QG_Millers_Rd,33,Med,79,30,3,54.9,90,1:26,1:31,5,F7,QG_Millers_Rd_090820_F7,90820,,,,,,,
9/8/20,HLG,Finster,QG_Millers_Rd,33,Med,79,30,3,54.9,90,1:26,1:31,5,F8,QG_Millers_Rd_090820_F8,90820,,,,,,,
9/8/20,HLG,Finster,QG_Millers_Rd,33,Med,79,30,3,54.9,90,1:26,1:31,5,F9,QG_Millers_Rd_090820_F9,90820,,,,,,,
9/8/20,HLG,Finster,QG_Millers_Rd,33,Med,79,30,4,58.5,95,1:36,,NA,F10,QG_Millers_Rd_090820_F10,90820,,,,,,,
9/8/20,HLG,Finster,QG_Millers_Rd,33,Med,79,30,4,58.5,95,1:36,,NA,F11,QG_Millers_Rd_090820_F11,90820,,,,,,,
9/8/20,HLG,Finster,QG_Millers_Rd,33,Med,79,30,4,58.5,95,1:36,,NA,F12,QG_Millers_Rd_090820_F12,90820,,,,,,,
9/8/20,HLG,Finster,QG_Millers_Rd,33,Med,79,30,5,72.5,100,1:42,,NA,F13,QG_Millers_Rd_090820_F13,90820,,,,,,,
9/8/20,HLG,Finster,QG_Millers_Rd,33,Med,79,30,5,72.5,100,1:42,,NA,F14,QG_Millers_Rd_090820_F14,90820,,,,,,,
9/8/20,HLG,Finster,QG_Millers_Rd,33,Med,79,30,5,72.5,100,1:42,,NA,F15,QG_Millers_Rd_090820_F15,90820,,,,,,,
9/18/20,,McPhail,QN_Millers,32,High,63,15,1,55,75,,,7,F4,QN_Millers_091820_F4,91820,1,1,,225.4,2.09,2.19,
9/18/20,,McPhail,QN_Millers,32,High,63,15,1,55,75,,,7,F5,QN_Millers_091820_F5,91820,1,1,,178.1,2.08,2.24,
9/18/20,,McPhail,QN_Millers,32,High,63,15,1,55,75,,,7,F6,QN_Millers_091820_F6,91820,1,1,,229.7,2.11,2.1,
9/18/20,,McPhail,QN_Millers,32,High,63,15,2,50,85,3:45,,32,F1,QN_Millers_091820_F1,91820,1,1,,282.4,2.12,2.29,
9/18/20,,McPhail,QN_Millers,32,High,63,15,2,50,85,3:45,,32,F2,QN_Millers_091820_F2,91820,1,1,,204.4,2.09,2.24,
9/18/20,,McPhail,QN_Millers,32,High,63,15,2,50,85,3:45,,32,F3,QN_Millers_091820_F3,91820,1,1,,189.1,2.08,2.02,
9/18/20,,McPhail,QN_Millers,32,High,63,15,3,67,40,4:05,,8,F7,QN_Millers_091820_F7,91820,1,1,,249.1,2.1,2.32,
9/18/20,,McPhail,QN_Millers,32,High,63,15,3,67,40,4:05,,8,F8,QN_Millers_091820_F8,91820,1,1,,233.9,2.08,2.1,
9/18/20,,McPhail,QN_Millers,32,High,63,15,3,67,40,4:05,,8,F9,QN_Millers_091820_F9,91820,1,1,,304.1,2.13,2.16,
9/18/20,,McPhail,QN_Millers,32,High,63,15,4,75,50,,,6,F10,QN_Millers_091820_F10,91820,1,1,,208.3,2.08,2.23,
9/18/20,,McPhail,QN_Millers,32,High,63,15,4,75,50,,,6,F11,QN_Millers_091820_F11,91820,,,,,,,
9/18/20,,McPhail,QN_Millers,32,High,63,15,4,75,50,,,6,F12,QN_Millers_091820_F12,91820,,,,,,,
9/18/20,,McPhail,QN_Millers,32,High,63,15,5,95,30,,,6,F13,QN_Millers_091820_F13,91820,,,,,,,
9/18/20,,McPhail,QN_Millers,32,High,63,15,5,95,30,,,6,F14,QN_Millers_091820_F14,91820,,,,,,,
9/18/20,,McPhail,QN_Millers,32,High,63,15,5,95,30,,,6,F15,QN_Millers_091820_F15,91820,,,,,,,
9/18/20,,McPhail,QN_Millers,32,High,63,15,6,105,20,,,NA,F16,QN_Millers_091820_F16,91820,,,,,,,
9/18/20,,McPhail,QN_Millers,32,High,63,15,6,105,20,,,NA,F16,QN_Millers_091820_F16,91820,,,,,,,
9/18/20,,McPhail,QN_Millers,32,High,63,15,6,105,20,,,NA,F16,QN_Millers_091820_F16,91820,,,,,,,
9/18/20,,McPhail,QN_Millers,32,High,63,15,7,125,40,,,NA,F19,QN_Millers_091820_F19,91820,,,,,,,
9/18/20,,McPhail,QN_Millers,32,High,63,15,7,125,40,,,NA,F20,QN_Millers_091820_F20,91820,,,,,,,
9/18/20,,McPhail,QN_Millers,32,High,63,15,7,125,40,,,NA,F21,QN_Millers_091820_F21,91820,1,1,414.9,2.13,2.25,,
9/18/20,,McPhail,QN_Millers,32,High,63,15,8,140,20,,,NA,F22,QN_Millers_091820_F22,91820,1,1,184.5,2.08,2.34,,
9/18/20,,McPhail,QN_Millers,32,High,63,15,8,140,20,,,NA,F23,QN_Millers_091820_F23,91820,1,1,264,2.12,2.33,,
9/18/20,,McPhail,QN_Millers,32,High,63,15,8,140,20,,,NA,F24,QN_Millers_091820_F24,91820,1,1,258.7,2.11,2.2,,
9/18/20,,McPhail,QN_Millers,32,High,63,15,9,54,NA,,,NA,F25,QN_Millers_091820_F25,91820,1,1,350.1,2.12,2.34,,
9/18/20,,McPhail,QN_Millers,32,High,63,15,9,54,NA,,,NA,F26,QN_Millers_091820_F26,91820,1,1,223.7,2.1,2.33,,
9/18/20,,McPhail,QN_Millers,32,High,63,15,9,54,NA,,,NA,F27,QN_Millers_091820_F27,91820,1,1,287.2,2.12,1.58,,
9/18/20,,McPhail,QN_Millers,32,High,63,15,10,50,NA,,,NA,F28,QN_Millers_091820_F28,91820,1,1,327.6,2.12,2.28,,
9/18/20,,McPhail,QN_Millers,32,High,63,15,10,50,NA,,,NA,F29,QN_Millers_091820_F29,91820,1,1,287.5,2.13,1.51,,
9/18/20,,McPhail,QN_Millers,32,High,63,15,10,50,NA,,,NA,F30,QN_Millers_091820_F30,91820,1,1,326.1,2.13,2.37,,
9/18/20,,McPhail,QN_Millers,,,,,,,,,,,,QN_Millers_091820_Control,91820,1,1,3.3,2.31,0.12,,
9/18/20,CHD,McPhail,QN_Rock_City,32,Med,63,30,1,85,30,12:45,12:50,2,F1,QN_Rock_City_091820_F1,91820,,,,,,,
9/18/20,CHD,McPhail,QN_Rock_City,32,Med,63,30,1,85,30,12:45,12:50,2,F2,QN_Rock_City_091820_F2,91820,,,,,,,
9/18/20,CHD,McPhail,QN_Rock_City,32,Med,63,30,1,85,30,12:45,12:50,2,F3,QN_Rock_City_091820_F3,91820,,,,,,,
9/18/20,KRD,McPhail,QN_Rock_City,32,Med,63,30,2,105,50,12:45,,31,F4,QN_Rock_City_091820_F4,91820,,,,,,,
9/18/20,KRD,McPhail,QN_Rock_City,32,Med,63,30,2,105,50,12:45,,31,F5,QN_Rock_City_091820_F5,91820,,,,,,,
9/18/20,KRD,McPhail,QN_Rock_City,32,Med,63,30,2,105,50,12:45,,31,F6,QN_Rock_City_091820_F6,91820,,,,,,,
9/18/20,CHD,McPhail,QN_Rock_City,32,Med,63,30,3,110,40,,,2,F10,QN_Rock_City_091820_F10,91820,,,,,,,
9/18/20,CHD,McPhail,QN_Rock_City,32,Med,63,30,3,110,40,,,2,F11,QN_Rock_City_091820_F11,91820,,,,,,,
9/18/20,CHD,McPhail,QN_Rock_City,32,Med,63,30,3,110,40,,,2,F12,QN_Rock_City_091820_F12,91820,,,,,,,
9/18/20,KRD,McPhail,QN_Rock_City,32,Med,63,30,4,125,40,1:23,,41,F7,QN_Rock_City_091820_F7,91820,,,,,,,
9/18/20,KRD,McPhail,QN_Rock_City,32,Med,63,30,4,125,40,1:23,,41,F8,QN_Rock_City_091820_F8,91820,,,,,,,
9/18/20,KRD,McPhail,QN_Rock_City,32,Med,63,30,4,125,40,1:23,,41,F9,QN_Rock_City_091820_F9,91820,,,,,,,
9/18/20,CHD,McPhail,QN_Rock_City,32,Med,63,30,5,115,90,,,21,F13,QN_Rock_City_091820_F13,91820,,,,,,,
9/18/20,CHD,McPhail,QN_Rock_City,32,Med,63,30,5,115,90,,,21,F14,QN_Rock_City_091820_F14,91820,,,,,,,
9/18/20,CHD,McPhail,QN_Rock_City,32,Med,63,30,5,115,90,,,21,F15,QN_Rock_City_091820_F15,91820,,,,,,,
9/18/20,CHD,McPhail,QN_Rock_City,32,Med,63,30,6,100,40,,,NA,F16,QN_Rock_City_091820_F16,91820,,,,,,,
9/18/20,CHD,McPhail,QN_Rock_City,32,Med,63,30,6,100,40,,,NA,F17,QN_Rock_City_091820_F17,91820,,,,,,,
9/18/20,CHD,McPhail,QN_Rock_City,32,Med,63,30,6,100,40,,,NA,F18,QN_Rock_City_091820_F18,91820,,,,,,,
9/18/20,CHD,McPhail,QN_Rock_City,32,Med,63,30,7,90,30,,,NA,F19,QN_Rock_City_091820_F19,91820,,,,,,,
9/18/20,CHD,McPhail,QN_Rock_City,32,Med,63,30,6,100,40,,,NA,F20,QN_Rock_City_091820_F20,91820,,,,,,,
9/18/20,CHD,McPhail,QN_Rock_City,32,Med,63,30,6,100,40,,,NA,F21,QN_Rock_City_091820_F21,91820,,,,,,,
9/18/20,CHD,McPhail,QN_Rock_City,32,Med,63,30,8,100,50,,,NA,F22,QN_Rock_City_091820_F22,91820,,,,,,,
9/18/20,CHD,McPhail,QN_Rock_City,32,Med,63,30,8,100,50,,,NA,F23,QN_Rock_City_091820_F23,91820,,,,,,,
9/18/20,CHD,McPhail,QN_Rock_City,32,Med,63,30,8,100,50,,,NA,F24,QN_Rock_City_091820_F24,91820,,,,,,,
9/18/20,CHD,McPhail,QN_Rock_City,32,Med,63,30,9,120,50,,,NA,F25,QN_Rock_City_091820_F25,91820,,,,,,,
9/18/20,CHD,McPhail,QN_Rock_City,32,Med,63,30,9,120,50,,,NA,F26,QN_Rock_City_091820_F26,91820,,,,,,,
9/18/20,CHD,McPhail,QN_Rock_City,32,Med,63,30,9,120,50,,,NA,F27,QN_Rock_City_091820_F27,91820,,,,,,,
9/18/20,CHD,McPhail,QN_Rock_City,32,Med,63,30,10,150,40,,,NA,F28,QN_Rock_City_091820_F28,91820,,,,,,,
9/18/20,CHD,McPhail,QN_Rock_City,32,Med,63,30,10,150,40,,,NA,F29,QN_Rock_City_091820_F29,91820,,,,,,,
9/18/20,CHD,McPhail,QN_Rock_City,32,Med,63,30,10,150,40,,,NA,F30,QN_Rock_City_091820_F30,91820,,,,,,,
9/15/20,,Cuddeback,TD_Gravel,,,,,,,,,,,F1,TD_Gravel_091520_F1,91520,1,1,1,220.9,2.12,2.19,
9/15/20,,Cuddeback,TD_Gravel,,,,,,,,,,,F6,TD_Gravel_091520_F6,91520,1,1,1,236.2,2.09,1 50,
9/15/20,,Cuddeback,TD_Gravel,,,,,,,,,,,F11,TD_Gravel_091520_F11,91520,1,1,1,151.7,2.13,1.91,
9/15/20,,Cuddeback,TD_Gravel,,,,,,,,,,,F13,TD_Gravel_091520_F13,91520,1,1,1,173.1,12 11,1.94,
9/15/20,,Cuddeback,TD_Gravel,,,,,,,,,,,F16,TD_Gravel_091520_F16,91520,1,1,1,194.9,2 10,2.17,
9/15/20,,Cuddeback,TD_Gravel,,,,,,,,,,,F17,TD_Gravel_091520_F17,91520,1,1,1,125.7,2.13,1.95,
9/15/20,,Cuddeback,TD_Gravel,,,,,,,,,,,F19,TD_Gravel_091520_F19,91520,1,1,1,178.8,2.13,2.04,
9/15/20,,Cuddeback,TD_Gravel,,,,,,,,,,,F20,TD_Gravel_091520_F20,91520,1,1,1,212.5,2.14,0.33,
9/15/20,,Cuddeback,TD_Gravel,,,,,,,,,,,F21,TD_Gravel_091520_F21,91520,1,1,1,266.5,2.13,1 99,
9/15/20,,Cuddeback,TD_Gravel,,,,,,,,,,,F23,TD_Gravel_091520_F23,91520,1,1,1,261.3,2.11,2.11,
,,,TD_Gravel,,,,,,,,,,,C1,TD_Gravel_091521_C1,91521,1,1,1,0.8,-3.49,0.03,
,,,TD_Gravel,,,,,,,,,,,C2,TD_Gravel_091522_C2,91522,1,1,1,1.9,18.24,0.01,
9/10/20,HLG,Cuddeback,TD_Home_Yard,39,High,70,100,1,23.2,80,3:38,,15,F1,TD_Home_Yard_091020_F1,91020,1,1,,257.3,2.11,2.15,
9/10/20,HLG,Cuddeback,TD_Home_Yard,39,High,70,100,1,23.2,80,3:38,,15,F2,TD_Home_Yard_091020_F2,91020,1,1,,231.2,2.11,2.05,
9/10/20,HLG,Cuddeback,TD_Home_Yard,39,High,70,100,1,23.2,80,3:38,,15,F3,TD_Home_Yard_091020_F3,91020,1,1,,223,2.1,2.02,
9/10/20,HLG,Cuddeback,TD_Home_Yard,39,High,70,100,2,25.6,95,3:46,,56,F4,TD_Home_Yard_091020_F4,91020,1,1,,323,2.1,1.93,
9/10/20,HLG,Cuddeback,TD_Home_Yard,39,High,70,100,2,25.6,95,3:46,,56,F5,TD_Home_Yard_091020_F5,91020,1,1,,312.8,2.13,1.93,
9/10/20,HLG,Cuddeback,TD_Home_Yard,39,High,70,100,2,25.6,95,3:46,,56,F6,TD_Home_Yard_091020_F6,91020,1,1,,327.3,2.12,2.34,
9/10/20,HLG,Cuddeback,TD_Home_Yard,39,High,70,100,3,49.7,70,4:00,,19,F7,TD_Home_Yard_091020_F7,91020,1,1,,385.1,2.12,2.16,
9/10/20,HLG,Cuddeback,TD_Home_Yard,39,High,70,100,3,49.7,70,4:00,,19,F8,TD_Home_Yard_091020_F8,91020,1,1,,552.7,2.15,2.27,
9/10/20,HLG,Cuddeback,TD_Home_Yard,39,High,70,100,3,49.7,70,4:00,,19,F9,TD_Home_Yard_091020_F9,91020,1,1,,310.3,2.1,1.86,
9/10/20,HLG,Cuddeback,TD_Home_Yard,39,High,70,100,4,42.7,100,4:13,,NA,F10,TD_Home_Yard_091020_F10,91020,1,1,,341.5,2.12,2.19,
9/10/20,HLG,Cuddeback,TD_Home_Yard,39,High,70,100,4,42.7,100,4:13,,NA,F11,TD_Home_Yard_091020_F11,91020,,,,,,,
9/10/20,HLG,Cuddeback,TD_Home_Yard,39,High,70,100,4,42.7,100,4:13,,NA,F12,TD_Home_Yard_091020_F12,91020,,,,,,,
9/10/20,HLG,Cuddeback,TD_Home_Yard,39,High,70,100,5,46.3,100,4:17,,NA,F13,TD_Home_Yard_091020_F13,91020,,,,,,,
9/10/20,HLG,Cuddeback,TD_Home_Yard,39,High,70,100,5,46.3,100,4:17,,NA,F14,TD_Home_Yard_091020_F14,91020,,,,,,,
9/10/20,HLG,Cuddeback,TD_Home_Yard,39,High,70,100,5,46.3,100,4:17,,NA,F15,TD_Home_Yard_091020_F15,91020,,,,,,,
9/20/20,,Cuddeback,TD_Home_Yard,,,54,40,1,15,60,NA,NA,18,F4,TD_Home_Yard_092020_F4,92020,1,1,,408.4,2.12,2.17,
9/20/20,,Cuddeback,TD_Home_Yard,,,54,40,1,15,60,NA,NA,18,F5,TD_Home_Yard_092020_F5,92020,1,1,,434.3,2.11,2.2,
9/20/20,,Cuddeback,TD_Home_Yard,,,54,40,1,15,60,NA,NA,18,F6,TD_Home_Yard_092020_F6,92020,1,1,,253,2.12,2.22,
9/20/20,,Cuddeback,TD_Home_Yard,,,54,40,2,25,30,NA,NA,40,F1,TD_Home_Yard_092020_F1,92020,1,1,,257.8,2.12,2.15,
9/20/20,,Cuddeback,TD_Home_Yard,,,54,40,2,25,30,NA,NA,40,F2,TD_Home_Yard_092020_F2,92020,1,1,,320.2,2.12,2.29,
9/20/20,,Cuddeback,TD_Home_Yard,,,54,40,2,25,30,NA,NA,40,F3,TD_Home_Yard_092020_F3,92020,1,1,,336.2,2.12,2.14,
9/20/20,,Cuddeback,TD_Home_Yard,,,54,40,3,30,50,NA,NA,18,F10,TD_Home_Yard_092020_F10,92020,1,1,,336.1,2.12,2.04,
9/20/20,,Cuddeback,TD_Home_Yard,,,54,40,3,30,50,NA,NA,18,F11,TD_Home_Yard_092020_F11,92020,,,,,,,
9/20/20,,Cuddeback,TD_Home_Yard,,,54,40,3,30,50,NA,NA,18,F12,TD_Home_Yard_092020_F12,92020,,,,,,,
9/20/20,,Cuddeback,TD_Home_Yard,,,54,40,4,25,20,NA,NA,NA,F7,TD_Home_Yard_092020_F7,92020,1,1,,223.8,2.11,2.12,
9/20/20,,Cuddeback,TD_Home_Yard,,,54,40,4,25,20,NA,NA,NA,F8,TD_Home_Yard_092020_F8,92020,1,1,,214.7,2.11,2.24,
9/20/20,,Cuddeback,TD_Home_Yard,,,54,40,4,25,20,NA,NA,NA,F9,TD_Home_Yard_092020_F9,92020,1,1,,163.8,2.09,1.75,
9/20/20,,Cuddeback,TD_Home_Yard,,,54,40,5,40,50,NA,NA,NA,F13,TD_Home_Yard_092020_F13,92020,,,,,,,
9/20/20,,Cuddeback,TD_Home_Yard,,,54,40,5,40,50,NA,NA,NA,F14,TD_Home_Yard_092020_F14,92020,,,,,,,
9/20/20,,Cuddeback,TD_Home_Yard,,,54,40,5,40,50,NA,NA,NA,F15,TD_Home_Yard_092020_F15,92020,,,,,,,
9/14/20,CHD,Hart,TI_Mills,10,Low,64,10,1,150,25,5:30,,4,F1,TI_Mills_091420_F1,91420,1,1,,151.1,2.09,1.94,
9/14/20,CHD,Hart,TI_Mills,10,Low,64,10,1,150,25,5:30,,4,F2,TI_Mills_091420_F2,91420,1,1,,216.7,2.08,2.28,
9/14/20,CHD,Hart,TI_Mills,10,Low,64,10,1,150,25,5:30,,4,F3,TI_Mills_091420_F3,91420,1,1,,134.9,2.07,2.18,
9/14/20,CHD,Hart,TI_Mills,10,Low,64,10,2,160,35,5:35,,0,F4,TI_Mills_091420_F4,91420,1,1,,221.1,2.06,2.13,
9/14/20,CHD,Hart,TI_Mills,10,Low,64,10,2,160,35,5:35,,0,F5,TI_Mills_091420_F5,91420,1,1,,95.5,2,2.13,
9/14/20,CHD,Hart,TI_Mills,10,Low,64,10,2,160,35,5:35,,0,F6,TI_Mills_091420_F6,91420,1,1,,112.9,2.07,2.12,
9/14/20,CHD,Hart,TI_Mills,10,Low,64,10,3,130,80,5:35,,NA,F7,TI_Mills_091420_F7,91420,1,1,,254.3,2.06,2.29,
9/14/20,CHD,Hart,TI_Mills,10,Low,64,10,3,130,80,5:35,,NA,F8,TI_Mills_091420_F8,91420,1,1,,268.9,2.06,2.25,
9/14/20,CHD,Hart,TI_Mills,10,Low,64,10,3,130,80,5:35,,NA,F9,TI_Mills_091420_F9,91420,1,1,,103.9,2.05,1.97,
9/14/20,CHD,Hart,TI_Mills,10,Low,64,10,5,115,50,5:55,,2,F10,TI_Mills_091420_F10,91420,1,1,,99.7,2.05,2.03,
9/14/20,CHD,Hart,TI_Mills,10,Low,64,10,5,115,50,5:55,,2,F11,TI_Mills_091420_F11,91420,1,1,,186.3,2.07,2.36,
9/14/20,CHD,Hart,TI_Mills,10,Low,64,10,5,115,50,5:55,,2,F12,TI_Mills_091420_F12,91420,1,1,,212.6,2.07,2.22,
9/14/20,CHD,Hart,TI_Mills,10,Low,64,10,7,10,10,,,NA,F13,TI_Mills_091420_F13,91420,1,1,,250.6,2.11,1.71,
9/14/20,CHD,Hart,TI_Mills,10,Low,64,10,7,10,10,,,NA,F14,TI_Mills_091420_F14,91420,1,1,,186.2,2.09,1.97,
9/14/20,CHD,Hart,TI_Mills,10,Low,64,10,7,10,10,,,NA,F15,TI_Mills_091420_F15,91420,1,1,,76.7,2.06,2.1,
9/14/20,CHD,Hart,TI_Mills,10,Low,64,10,4,100,15,5:54,,NA,F16,TI_Mills_091420_F16,91420,1,1,,492.9,2.05,2.24,
9/14/20,CHD,Hart,TI_Mills,10,Low,64,10,4,100,15,5:54,,NA,F17,TI_Mills_091420_F17,91420,1,1,,267.6,2.07,2.08,
9/14/20,CHD,Hart,TI_Mills,10,Low,64,10,4,100,15,5:54,,NA,F18,TI_Mills_091420_F18,91420,1,1,,181.8,2.03,2.09,
9/14/20,CHD,Hart,TI_Mills,10,Low,64,10,6,25,20,,,NA,F19,TI_Mills_091420_F19,91420,1,1,,150.2,2.1,2.29,
9/14/20,CHD,Hart,TI_Mills,10,Low,64,10,6,25,20,,,NA,F20,TI_Mills_091420_F20,91420,1,1,,215.9,2.08,2.19,
9/14/20,CHD,Hart,TI_Mills,10,Low,64,10,6,25,20,,,NA,F21,TI_Mills_091420_F21,91420,,,,,,,
9/14/20,CHD,Hart,TI_Mills,10,Low,64,10,8,45,10,,,NA,F22,TI_Mills_091420_F22,91420,,,,,,,
9/14/20,CHD,Hart,TI_Mills,10,Low,64,10,8,45,10,,,NA,F23,TI_Mills_091420_F23,91420,,,,,,,
9/14/20,CHD,Hart,TI_Mills,10,Low,64,10,8,45,10,,,NA,F24,TI_Mills_091420_F24,91420,,,,,,,
9/14/20,CHD,Hart,TI_Mills,10,Low,64,10,9,50,10,,,NA,F25,TI_Mills_091420_F25,91420,,,,,,,
9/14/20,CHD,Hart,TI_Mills,10,Low,64,10,9,50,10,,,NA,F26,TI_Mills_091420_F26,91420,,,,,,,
9/14/20,CHD,Hart,TI_Mills,10,Low,64,10,9,50,10,,,NA,F27,TI_Mills_091420_F27,91420,,,,,,,
9/14/20,CHD,Hart,TI_Mills,10,Low,64,10,10,100,80,,,NA,F28,TI_Mills_091420_F28,91420,,,,,,,
9/14/20,CHD,Hart,TI_Mills,10,Low,64,10,10,100,80,,,NA,F29,TI_Mills_091420_F29,91420,,,,,,,
9/14/20,CHD,Hart,TI_Mills,10,Low,64,10,10,100,80,,,NA,F30,TI_Mills_091420_F30,91420,,,,,,,
9/11/20,ZGP,Mead,TN_Domes,11,High,59,100,1,45,100,1:48,2:05,1,F1,TN_Domes_091120_F1,91120,,,,,,,
9/11/20,ZGP,Mead,TN_Domes,11,High,59,100,1,45,100,1:48,2:05,1,F2,TN_Domes_091120_F2,91120,,,,,,,
9/11/20,ZGP,Mead,TN_Domes,11,High,59,100,1,45,100,1:48,2:05,1,F3,TN_Domes_091120_F3,91120,,,,,,,
9/11/20,ZGP,Mead,TN_Domes,11,High,59,90,2,77,90,2:09,2:18,0,F4,TN_Domes_091120_F4,91120,,,,,,,
9/11/20,ZGP,Mead,TN_Domes,11,High,59,90,2,77,90,2:09,2:18,0,F5,TN_Domes_091120_F5,91120,,,,,,,
9/11/20,ZGP,Mead,TN_Domes,11,High,59,90,2,77,90,2:09,2:18,0,F6,TN_Domes_091120_F6,91120,,,,,,,
9/11/20,ZGP,Mead,TN_Domes,11,High,59,80,3,95,,2:20,2:24,NA,F7,TN_Domes_091120_F7,91120,,,,,,,
9/11/20,ZGP,Mead,TN_Domes,11,High,59,80,3,95,,2:20,2:24,NA,F8,TN_Domes_091120_F8,91120,,,,,,,
9/11/20,ZGP,Mead,TN_Domes,11,High,59,80,3,95,,2:20,2:24,NA,F9,TN_Domes_091120_F9,91120,,,,,,,
9/11/20,ZGP,Mead,TN_Domes,11,High,59,70,4,121,70,2:28,2:36,23,F10,TN_Domes_091120_F10,91120,,,,,,,
9/11/20,ZGP,Mead,TN_Domes,11,High,59,70,4,121,70,2:28,2:36,23,F11,TN_Domes_091120_F11,91120,,,,,,,
9/11/20,ZGP,Mead,TN_Domes,11,High,59,70,4,121,70,2:28,2:36,23,F12,TN_Domes_091120_F12,91120,,,,,,,
9/11/20,ZGP,Mead,TN_Domes,11,High,59,60,5,150,80,2:41,2:44,NA,F13,TN_Domes_091120_F13,91120,,,,,,,
9/11/20,ZGP,Mead,TN_Domes,11,High,59,60,5,150,80,2:41,2:44,NA,F14,TN_Domes_091120_F14,91120,,,,,,,
9/11/20,ZGP,Mead,TN_Domes,11,High,59,60,5,150,80,2:41,2:44,NA,F15,TN_Domes_091120_F15,91120,,,,,,,
9/21/20,,Mead,TN_Domes,,,63,15,1,145,80,NA,NA,22,F4,TN_Domes_092120_F4,92120,,,,,,,
9/21/20,,Mead,TN_Domes,,,63,15,1,145,80,NA,NA,22,F5,TN_Domes_092120_F5,92120,,,,,,,
9/21/20,,Mead,TN_Domes,,,63,15,1,145,80,NA,NA,22,F6,TN_Domes_092120_F6,92120,,,,,,,
9/21/20,,Mead,TN_Domes,,,63,15,2,130,60,3:42,3:47,18,F1,TN_Domes_092120_F1,92120,,,,,,,
9/21/20,,Mead,TN_Domes,,,63,15,2,130,60,3:42,3:47,18,F2,TN_Domes_092120_F2,92120,,,,,,,
9/21/20,,Mead,TN_Domes,,,63,15,2,130,60,3:42,3:47,18,F3,TN_Domes_092120_F3,92120,,,,,,,
9/21/20,,Mead,TN_Domes,,,63,15,3,50,75,NA,NA,NA,F7,TN_Domes_092120_F7,92120,,,,,,,
9/21/20,,Mead,TN_Domes,,,63,15,3,50,75,NA,NA,NA,F8,TN_Domes_092120_F8,92120,,,,,,,
9/21/20,,Mead,TN_Domes,,,63,15,3,50,75,NA,NA,NA,F9,TN_Domes_092120_F9,92120,,,,,,,
9/21/20,,Mead,TN_Domes,,,63,15,4,120,50,NA,NA,NA,F10,TN_Domes_092120_F10,92120,,,,,,,
9/21/20,,Mead,TN_Domes,,,63,15,4,120,50,NA,NA,NA,F11,TN_Domes_092120_F11,92120,,,,,,,
9/21/20,,Mead,TN_Domes,,,63,15,4,120,50,NA,NA,NA,F12,TN_Domes_092120_F12,92120,,,,,,,
9/21/20,,Mead,TN_Domes,,,63,15,5,1:35,75,NA,NA,15,F13,TN_Domes_092120_F13,92120,,,,,,,
9/21/20,,Mead,TN_Domes,,,63,15,5,1:35,75,NA,NA,15,F14,TN_Domes_092120_F14,92120,,,,,,,
9/21/20,,Mead,TN_Domes,,,63,15,5,1:35,75,NA,NA,15,F15,TN_Domes_092120_F15,92120,,,,,,,
9/12/20,JD,Pylman,UQ_Cotes_Rd,23,Med,72,40,1,22.3,75,4:09,4:14,15,F1,UQ_Cotes_Rd_091220_F1,91220,,,,,,,
9/12/20,JD,Pylman,UQ_Cotes_Rd,23,Med,72,40,1,22.3,75,4:09,4:14,15,F2,UQ_Cotes_Rd_091220_F2,91220,,,,,,,
9/12/20,JD,Pylman,UQ_Cotes_Rd,23,Med,72,40,1,22.3,75,4:09,4:14,15,F3,UQ_Cotes_Rd_091220_F3,91220,,,,,,,
9/12/20,JD,Pylman,UQ_Cotes_Rd,23,Med,72,40,2,52.1,80,4:20,4:25,14,F4,UQ_Cotes_Rd_091220_F4,91220,,,,,,,
9/12/20,JD,Pylman,UQ_Cotes_Rd,23,Med,72,40,2,52.1,80,4:20,4:25,14,F5,UQ_Cotes_Rd_091220_F5,91220,,,,,,,
9/12/20,JD,Pylman,UQ_Cotes_Rd,23,Med,72,40,2,52.1,80,4:20,4:25,14,F6,UQ_Cotes_Rd_091220_F6,91220,,,,,,,
9/12/20,JD,Pylman,UQ_Cotes_Rd,23,Med,72,40,3,73.5,85,4:30,4:35,15,F7,UQ_Cotes_Rd_091220_F7,91220,,,,,,,
9/12/20,JD,Pylman,UQ_Cotes_Rd,23,Med,72,40,3,73.5,85,4:30,4:35,15,F8,UQ_Cotes_Rd_091220_F8,91220,,,,,,,
9/12/20,JD,Pylman,UQ_Cotes_Rd,23,Med,72,40,3,73.5,85,4:30,4:35,15,F9,UQ_Cotes_Rd_091220_F9,91220,,,,,,,
9/12/20,JD,Pylman,UQ_Cotes_Rd,23,Med,72,40,4,43.9,65,,,NA,F10,UQ_Cotes_Rd_091220_F10,91220,,,,,,,
9/12/20,JD,Pylman,UQ_Cotes_Rd,23,Med,72,40,4,43.9,65,,,NA,F11,UQ_Cotes_Rd_091220_F11,91220,,,,,,,
9/12/20,JD,Pylman,UQ_Cotes_Rd,23,Med,72,40,4,43.9,65,,,NA,F12,UQ_Cotes_Rd_091220_F12,91220,,,,,,,
9/12/20,JD,Pylman,UQ_Cotes_Rd,23,Med,72,40,5,75,90,,,NA,F13,UQ_Cotes_Rd_091220_F13,91220,,,,,,,
9/12/20,JD,Pylman,UQ_Cotes_Rd,23,Med,72,40,5,75,90,,,NA,F14,UQ_Cotes_Rd_091220_F14,91220,,,,,,,
9/12/20,JD,Pylman,UQ_Cotes_Rd,23,Med,72,40,5,75,90,,,NA,F15,UQ_Cotes_Rd_091220_F15,91220,,,,,,,
9/23/20,,Pylman,UQ_Cotes_Rd,,,59,100,1,30,50,10:52,10:57,14,F1,UQ_Cotes_Rd_092320_F1,92320,,,,,,,
9/23/20,,Pylman,UQ_Cotes_Rd,,,59,100,1,30,50,10:52,10:57,14,F2,UQ_Cotes_Rd_092320_F2,92320,,,,,,,
9/23/20,,Pylman,UQ_Cotes_Rd,,,59,100,1,30,50,10:52,10:57,14,F3,UQ_Cotes_Rd_092320_F3,92320,,,,,,,
9/23/20,,Pylman,UQ_Cotes_Rd,,,59,100,2,40,80,11:07,11:12,19,F4,UQ_Cotes_Rd_092320_F4,92320,,,,,,,
9/23/20,,Pylman,UQ_Cotes_Rd,,,59,100,2,40,80,11:07,11:12,19,F5,UQ_Cotes_Rd_092320_F5,92320,,,,,,,
9/23/20,,Pylman,UQ_Cotes_Rd,,,59,100,2,40,80,11:07,11:12,19,F6,UQ_Cotes_Rd_092320_F6,92320,,,,,,,
9/23/20,,Pylman,UQ_Cotes_Rd,,,59,100,3,75,25,11:25,11:30,12,F7,UQ_Cotes_Rd_092320_F7,92320,,,,,,,
9/23/20,,Pylman,UQ_Cotes_Rd,,,59,100,3,75,25,11:25,11:30,12,F8,UQ_Cotes_Rd_092320_F8,92320,,,,,,,
9/23/20,,Pylman,UQ_Cotes_Rd,,,59,100,3,75,25,11:25,11:30,12,F9,UQ_Cotes_Rd_092320_F9,92320,,,,,,,
9/23/20,,Pylman,UQ_Cotes_Rd,,,59,100,4,115,95,NA,NA,NA,F10,UQ_Cotes_Rd_092320_F10,92320,,,,,,,
9/23/20,,Pylman,UQ_Cotes_Rd,,,59,100,4,115,95,NA,NA,NA,F11,UQ_Cotes_Rd_092320_F11,92320,,,,,,,
9/23/20,,Pylman,UQ_Cotes_Rd,,,59,100,4,115,95,NA,NA,NA,F12,UQ_Cotes_Rd_092320_F12,92320,,,,,,,
9/23/20,,Pylman,UQ_Cotes_Rd,,,59,100,5,140,25,NA,NA,NA,F13,UQ_Cotes_Rd_092320_F13,92320,,,,,,,
9/23/20,,Pylman,UQ_Cotes_Rd,,,59,100,5,140,25,NA,NA,NA,F14,UQ_Cotes_Rd_092320_F14,92320,,,,,,,
9/23/20,,Pylman,UQ_Cotes_Rd,,,59,100,5,140,25,NA,NA,NA,F15,UQ_Cotes_Rd_092320_F15,92320,,,,,,,
9/11/20,ZGP,Schulz,UT_Home_Yard,37,High,55,50,1,10,50,4:58,5:05,23,F1,UT_Home_Yard_091120_F1,91120,1,1,1,98.9,2.11,1.91,
9/11/20,ZGP,Schulz,UT_Home_Yard,37,High,55,50,1,10,50,4:58,5:05,23,F2,UT_Home_Yard_091120_F2,91120,1,1,1,126.7,2.14,1.89,
9/11/20,ZGP,Schulz,UT_Home_Yard,37,High,55,50,1,10,50,4:58,5:05,23,F3,UT_Home_Yard_091120_F3,91120,1,1,1,141.6,2.11,2.07,
9/11/20,ZGP,Schulz,UT_Home_Yard,37,High,55,40,2,50,80,5:12,5:18,4,F4,UT_Home_Yard_091120_F4,91120,1,1,1,185.3,2.08,1.9,
9/11/20,ZGP,Schulz,UT_Home_Yard,37,High,55,40,2,50,80,5:12,5:18,4,F5,UT_Home_Yard_091120_F5,91120,1,1,1,194,2.09,2.42,
9/11/20,ZGP,Schulz,UT_Home_Yard,37,High,55,40,2,50,80,5:12,5:18,4,F6,UT_Home_Yard_091120_F6,91120,1,1,1,200,2.15,0.55,
9/11/20,ZGP,Schulz,UT_Home_Yard,37,High,55,40,3,75,70,5:20,5:26,NA,F7,UT_Home_Yard_091120_F7,91120,1,1,1,207.1,2.1,1.72,
9/11/20,ZGP,Schulz,UT_Home_Yard,37,High,55,40,3,75,70,5:20,5:26,NA,F8,UT_Home_Yard_091120_F8,91120,1,1,1,268.4,2.15,1.97,
9/11/20,ZGP,Schulz,UT_Home_Yard,37,High,55,40,3,75,70,5:20,5:26,NA,F9,UT_Home_Yard_091120_F9,91120,1,1,1,185.1,2.14,1.64,
9/11/20,ZGP,Schulz,UT_Home_Yard,37,High,55,40,4,110,90,5:30,5:39,1,F10,UT_Home_Yard_091120_F10,91120,1,1,1,198.2,2.11,1.5,
9/11/20,ZGP,Schulz,UT_Home_Yard,37,High,55,40,4,110,90,5:30,5:39,1,F11,UT_Home_Yard_091120_F11,91120,1,,,,,,
9/11/20,ZGP,Schulz,UT_Home_Yard,37,High,55,40,4,110,90,5:30,5:39,1,F12,UT_Home_Yard_091120_F12,91120,1,,,,,,
9/11/20,ZGP,Schulz,UT_Home_Yard,37,High,55,40,5,120,80,5:44,5:46,NA,F13,UT_Home_Yard_091120_F13,91120,1,,,,,,
9/11/20,ZGP,Schulz,UT_Home_Yard,37,High,55,40,5,120,80,5:44,5:46,NA,F14,UT_Home_Yard_091120_F14,91120,1,,,,,,
9/11/20,ZGP,Schulz,UT_Home_Yard,37,High,55,40,5,120,80,5:44,5:46,NA,F15,UT_Home_Yard_091120_F15,91120,1,,,,,,
9/21/20,,Schulz,UT_Home_Yard,,,54,5,1,50,50,11:15,11:20,11,F1,UT_Home_Yard_092120_F1,92120,1,1,1,483.9,2.1,2.23,
9/21/20,,Schulz,UT_Home_Yard,,,54,5,1,50,50,11:15,11:20,11,F2,UT_Home_Yard_092120_F2,92120,1,1,1,335.4,2.11,1.88,
9/21/20,,Schulz,UT_Home_Yard,,,54,5,1,50,50,11:15,11:20,11,F3,UT_Home_Yard_092120_F3,92120,1,1,1,431.7,2.12,2.28,
9/21/20,,Schulz,UT_Home_Yard,,,54,51,2,95,25,11:15,11:20,13,F4,UT_Home_Yard_092120_F4,92120,1,1,1,278.4,2.14,2.11,
9/21/20,,Schulz,UT_Home_Yard,,,54,51,2,95,25,11:15,11:20,13,F5,UT_Home_Yard_092120_F5,92120,1,1,1,231.5,2.15,2.3,
9/21/20,,Schulz,UT_Home_Yard,,,54,51,2,95,25,11:15,11:20,13,F6,UT_Home_Yard_092120_F6,92120,1,1,1,230,2.12,2.27,
9/21/20,,Schulz,UT_Home_Yard,,,54,51,3,50,75,NA,NA,21,F7,UT_Home_Yard_092120_F7,92120,1,1,1,404.4,2.13,2.11,
9/21/20,,Schulz,UT_Home_Yard,,,54,51,3,50,75,NA,NA,21,F8,UT_Home_Yard_092120_F8,92120,1,1,1,444.8,2.12,2.23,
9/21/20,,Schulz,UT_Home_Yard,,,54,51,3,50,75,NA,NA,21,F9,UT_Home_Yard_092120_F9,92120,1,1,1,329.2,2.14,2.17,
9/21/20,,Schulz,UT_Home_Yard,,,54,51,4,120,50,NA,NA,NA,F10,UT_Home_Yard_092120_F10,92120,1,1,1,194.5,2.13,1.78,
9/21/20,,Schulz,UT_Home_Yard,,,54,51,4,120,50,NA,NA,NA,F11,UT_Home_Yard_092120_F11,92120,1,1,1,294.2,2.1,2.2,
9/21/20,,Schulz,UT_Home_Yard,,,54,51,4,120,50,NA,NA,NA,F12,UT_Home_Yard_092120_F12,92120,1,1,1,243.8,2.12,2.32,
9/21/20,,Schulz,UT_Home_Yard,,,54,51,5,200,70,11:58,12:03,21,F13,UT_Home_Yard_092120_F13,92120,1,1,1,238.3,2.09,2.33,
9/21/20,,Schulz,UT_Home_Yard,,,54,51,5,200,70,11:58,12:03,21,F14,UT_Home_Yard_092120_F14,92120,1,1,1,220.9,2.12,1.89,
9/21/20,,Schulz,UT_Home_Yard,,,54,51,5,200,70,11:58,12:03,21,F15,UT_Home_Yard_092120_F15,92120,1,1,1,280,2.13,2.29,
9/7/20,KRD,Perry,XQ_CR_142,36,High,79,95,1,150,90,1:32,1:46,16,F1,XQ_CR_142_090720_F1,90720,1,,,,,,
9/7/20,KRD,Perry,XQ_CR_142,36,High,79,95,1,150,90,1:32,1:46,16,F2,XQ_CR_142_090720_F2,90720,1,,,,,,
9/7/20,KRD,Perry,XQ_CR_142,36,High,79,95,1,150,90,1:32,1:46,16,F3,XQ_CR_142_090720_F3,90720,1,,,,,,
9/7/20,KRD,Perry,XQ_CR_142,36,High,79,95,2,14,20,2:27,,6,F13,XQ_CR_142_090720_F13,90720,1,,,,,,
9/7/20,KRD,Perry,XQ_CR_142,36,High,79,95,2,14,20,2:27,,6,F14,XQ_CR_142_090720_F14,90720,1,,,,,,
9/7/20,KRD,Perry,XQ_CR_142,36,High,79,95,2,14,20,2:27,,6,F15,XQ_CR_142_090720_F15,90720,1,,,,,,
9/7/20,PAM,Perry,XQ_CR_142,36,High,79,95,3,,80,1:49,1:56,9,F4,XQ_CR_142_090720_F4,90720,1,,,,,,
9/7/20,PAM,Perry,XQ_CR_142,36,High,79,95,3,,80,1:49,1:56,9,F5,XQ_CR_142_090720_F5,90720,1,,,,,,
9/7/20,PAM,Perry,XQ_CR_142,36,High,79,95,3,,80,1:49,1:56,9,F6,XQ_CR_142_090720_F6,90720,1,,,,,,
9/7/20,PAM,Perry,XQ_CR_142,36,High,79,95,4,,70,2:10,2:16,16,F10,XQ_CR_142_090720_F10,90720,1,,,,,,
9/7/20,PAM,Perry,XQ_CR_142,36,High,79,95,4,,70,2:10,2:16,16,F11,XQ_CR_142_090720_F11,90720,1,,,,,,
9/7/20,PAM,Perry,XQ_CR_142,36,High,79,95,4,,70,2:10,2:16,16,F15,XQ_CR_142_090720_F15,90720,1,,,,,,
9/7/20,PAM,Perry,XQ_CR_142,36,High,79,95,5,,65,2:23,2:33,4,F7,XQ_CR_142_090720_F7,90720,1,,,,,,
9/7/20,PAM,Perry,XQ_CR_142,36,High,79,95,5,,65,2:23,2:33,4,F8,XQ_CR_142_090720_F8,90720,1,,,,,,
9/7/20,PAM,Perry,XQ_CR_142,36,High,79,95,5,,65,2:23,2:33,4,F9,XQ_CR_142_090720_F9,90720,1,,,,,,
9/19/20,,Perry,XQ_CR_142,,,57,5,1,150,5,4:07,4:12,4,F1,XQ_CR_142_091920_F1,91920,,,,,,,
9/19/20,,Perry,XQ_CR_142,,,57,5,1,150,5,4:07,4:12,4,F2,XQ_CR_142_091920_F2,91920,,,,,,,
9/19/20,,Perry,XQ_CR_142,,,57,5,1,150,5,4:07,4:12,4,F3,XQ_CR_142_091920_F3,91920,,,,,,,
9/19/20,,Perry,XQ_CR_142,,,57,5,2,150,50,4:22,4:27,15,F4,XQ_CR_142_091920_F4,91920,,,,,,,
9/19/20,,Perry,XQ_CR_142,,,57,5,2,150,50,4:22,4:27,15,F5,XQ_CR_142_091920_F5,91920,,,,,,,
9/19/20,,Perry,XQ_CR_142,,,57,5,2,150,50,4:22,4:27,15,F6,XQ_CR_142_091920_F6,91920,,,,,,,
9/19/20,,Perry,XQ_CR_142,,,57,5,3,170,25,NA,NA,NA,F7,XQ_CR_142_091920_F7,91920,,,,,,,
9/19/20,,Perry,XQ_CR_142,,,57,5,3,170,25,NA,NA,NA,F8,XQ_CR_142_091920_F8,91920,,,,,,,
9/19/20,,Perry,XQ_CR_142,,,57,5,3,170,25,NA,NA,NA,F9,XQ_CR_142_091920_F9,91920,,,,,,,
9/19/20,,Perry,XQ_CR_142,,,57,5,4,150,59,NA,NA,NA,F10,XQ_CR_142_091920_F10,91920,,,,,,,
9/19/20,,Perry,XQ_CR_142,,,57,5,4,150,59,NA,NA,NA,F11,XQ_CR_142_091920_F11,91920,,,,,,,
9/19/20,,Perry,XQ_CR_142,,,57,5,4,150,59,NA,NA,NA,F12,XQ_CR_142_091920_F12,91920,,,,,,,
9/19/20,,Perry,XQ_CR_142,,,57,5,5,230,50,5:00,5:05,17,F13,XQ_CR_142_091920_F13,91920,,,,,,,
9/19/20,,Perry,XQ_CR_142,,,57,5,5,230,50,5:00,5:05,17,F14,XQ_CR_142_091920_F14,91920,,,,,,,
9/19/20,,Perry,XQ_CR_142,,,57,5,5,230,50,5:00,5:05,17,F15,XQ_CR_142_091920_F15,91920,,,,,,,
9/7/20,PAM,Perry,XQ_Kingtown_Beach,29,Low,81,100,3,,90,3:52,,1,F1,XQ_Kingtown_Beach_090720_F1,90720,1,1,,255.4,2.13,2.31,vial says XB KB
9/7/20,PAM,Perry,XQ_Kingtown_Beach,29,Low,81,100,3,,90,3:52,,1,F2,XQ_Kingtown_Beach_090720_F2,90720,1,1,,406.8,2.12,2.31,vial says XB KB
9/7/20,PAM,Perry,XQ_Kingtown_Beach,29,Low,81,100,3,,90,3:52,,1,F3,XQ_Kingtown_Beach_090720_F3,90720,1,1,,217.3,2.12,2.33,vial says XB KB
9/7/20,PAM,Perry,XQ_Kingtown_Beach,29,Low,81,100,4,,95,,4:22,8,F4,XQ_Kingtown_Beach_090720_F4,90720,1,1,,305.1,2.12,2.38,vial says XB KB
9/7/20,PAM,Perry,XQ_Kingtown_Beach,29,Low,81,100,4,,95,,4:22,8,F5,XQ_Kingtown_Beach_090720_F5,90720,1,1,,424.8,2.11,2.35,vial says XB KB
9/7/20,PAM,Perry,XQ_Kingtown_Beach,29,Low,81,100,4,,95,,4:22,8,F6,XQ_Kingtown_Beach_090720_F6,90720,1,1,,586.5,2.15,2.46,vial says XB KB
9/7/20,PAM,Perry,XQ_Kingtown_Beach,29,Low,81,100,5,,100,4:46,,0,F7,XQ_Kingtown_Beach_090720_F7,90720,1,1,,249.4,2.1,2.33,vial says XB KB
9/7/20,PAM,Perry,XQ_Kingtown_Beach,29,Low,81,100,5,,100,4:46,,0,F8,XQ_Kingtown_Beach_090720_F8,90720,1,1,,360.4,2.11,2.37,vial says XB KB
9/7/20,PAM,Perry,XQ_Kingtown_Beach,29,Low,81,100,5,,100,4:46,,0,F9,XQ_Kingtown_Beach_090720_F9,90720,1,1,,291.5,2.12,2.39,vial says XB KB
9/7/20,KRD,Perry,XQ_Kingtown_Beach,29,Low,81,100,1,,20,4:11,,1,F10,XQ_Kingtown_Beach_090720_F10,90720,1,1,,210.9,2.06,2.27,vial says XB KB
9/7/20,KRD,Perry,XQ_Kingtown_Beach,29,Low,81,100,1,,20,4:11,,1,F11,XQ_Kingtown_Beach_090720_F11,90720,1,1,,,,,
9/7/20,KRD,Perry,XQ_Kingtown_Beach,29,Low,81,100,1,,20,4:11,,1,F12,XQ_Kingtown_Beach_090720_F12,90720,1,1,,,,,
9/7/20,KRD,Perry,XQ_Kingtown_Beach,29,Low,81,100,2,,80,4:42,4:50,0,F13,XQ_Kingtown_Beach_090720_F13,90720,1,1,,,,,
9/7/20,KRD,Perry,XQ_Kingtown_Beach,29,Low,81,100,2,,80,4:42,4:50,0,F14,XQ_Kingtown_Beach_090720_F14,90720,1,1,,,,,
9/7/20,KRD,Perry,XQ_Kingtown_Beach,29,Low,81,100,2,,80,4:42,4:50,0,F15,XQ_Kingtown_Beach_090720_F15,90720,1,1,,,,,
10/1/20,,Perry,XQ_Kingtown_Beach,,,63,80,1,115,5,NA,NA,1,F1,XQ_Kingtown_Beach_100120_F1,100120,1,1,,263.1,2.12,2.15,
10/1/20,,Perry,XQ_Kingtown_Beach,,,63,80,1,115,5,NA,NA,1,F2,XQ_Kingtown_Beach_100120_F2,100120,1,1,,451.1,2.11,2.36,
10/1/20,,Perry,XQ_Kingtown_Beach,,,63,80,1,115,5,NA,NA,1,F3,XQ_Kingtown_Beach_100120_F3,100120,1,1,,120.5,2.08,2.26,
10/1/20,,Perry,XQ_Kingtown_Beach,,,63,80,2,140,5,NA,NA,NA,F4,XQ_Kingtown_Beach_100120_F4,100120,1,1,,287.2,2.09,2.31,
10/1/20,,Perry,XQ_Kingtown_Beach,,,63,80,2,140,5,NA,NA,NA,F5,XQ_Kingtown_Beach_100120_F5,100120,1,1,,390.5,2.11,2.11,
10/1/20,,Perry,XQ_Kingtown_Beach,,,63,80,2,140,5,NA,NA,NA,F6,XQ_Kingtown_Beach_100120_F6,100120,1,1,,370.4,2.11,2.23,
10/1/20,,Perry,XQ_Kingtown_Beach,,,63,80,3,165,5,NA,NA,4,F7,XQ_Kingtown_Beach_100120_F7,100120,1,1,,319.6,2.14,1.32,
10/1/20,,Perry,XQ_Kingtown_Beach,,,63,80,3,165,5,NA,NA,4,F8,XQ_Kingtown_Beach_100120_F8,100120,1,1,,284.3,2.1,2.33,
10/1/20,,Perry,XQ_Kingtown_Beach,,,63,80,3,165,5,NA,NA,4,F9,XQ_Kingtown_Beach_100120_F9,100120,1,1,,288.3,2.09,2.35,
10/1/20,,Perry,XQ_Kingtown_Beach,,,63,80,4,190,75,NA,NA,5,F10,XQ_Kingtown_Beach_100120_F10,100120,1,1,,618.3,2.17,2.45,
,,,XQ_Kingtown_Beach,,,,,,,,,,,Control,XQ_Kingtown_Beach_100121_Control,100121,1,1,,3.1,1.71,0.06,
10/1/20,,Perry,XQ_Kingtown_Beach,,,63,80,4,190,75,NA,NA,5,F11,XQ_Kingtown_Beach_100120_F11,100120,,,,,,,
10/1/20,,Perry,XQ_Kingtown_Beach,,,63,80,4,190,75,NA,NA,5,F12,XQ_Kingtown_Beach_100120_F12,100120,,,,,,,
,,,,,,,,,,,,,,,TOTAL COUNTS,799,409,356,140,,,,
,,,,,,,,,,,,,,,PERCENT COMPLETE,,0.512,0.446,0.175,,,,
,,,,,,,,,,,,,,,PERCENT COMPLETE (new goals),300,368,344,142,,,,
,,,,,,,,,,,,,,,,,1.23,1.15,0.47,,,,