Number,Year,Period,Season,OpScale,YiP,BK ID,Apiary Name,Apiary_ID,Master ID,Colony Survived,Mites per 100 bees,Above threshold,PMS,Operation alcohol washes per year,Operation sugar shakes per year,Total operation monitoring,Apiary alcohol washes per year,Apiary sugar shakes per year,Total apiary monitoring,Apiary Treatments per year,Percent Operation Winter Loss,Percent Operation Summer Loss,Percent Operation Annual Loss,Following Year Percent Operation Winter Loss
2096,2020,8,Spring,Commercial,2,CN-NY,CN Oddy,CN_Oddy,D309,1,2.30,1,0,2,0,2,1,0,1,2,44.44444444,27.27272727,57.89473684,70.76023392
2097,2020,8,Spring,Commercial,2,CN-NY,CN Oddy,CN_Oddy,D310,1,0.00,0,0,2,0,2,1,0,1,2,44.44444444,27.27272727,57.89473684,70.76023392
2098,2020,8,Spring,Commercial,2,CN-NY,CN Oddy,CN_Oddy,D311,1,0.63,0,0,2,0,2,1,0,1,2,44.44444444,27.27272727,57.89473684,70.76023392
2099,2020,8,Spring,Commercial,2,CN-NY,CN Oddy,CN_Oddy,D312,1,0.34,0,0,2,0,2,1,0,1,2,44.44444444,27.27272727,57.89473684,70.76023392
2100,2020,8,Spring,Commercial,2,CN-NY,CN Oddy,CN_Oddy,D313,1,0.00,0,0,2,0,2,1,0,1,2,44.44444444,27.27272727,57.89473684,70.76023392
2101,2020,8,Spring,Commercial,2,CN-NY,CN Oddy,CN_Oddy,D314,1,0.00,0,0,2,0,2,1,0,1,2,44.44444444,27.27272727,57.89473684,70.76023392
2102,2020,8,Spring,Commercial,2,CN-NY,CN Oddy,CN_Oddy,D315,N/A,0.00,0,0,2,0,2,1,0,1,2,44.44444444,27.27272727,57.89473684,70.76023392
2103,2020,8,Spring,Commercial,2,CN-NY,CN Oddy,CN_Oddy,D316,N/A,0.00,0,0,2,0,2,1,0,1,2,44.44444444,27.27272727,57.89473684,70.76023392
2104,2020,8,Spring,Commercial,2,CN-NY,CN Oddy,CN_Oddy,D317,N/A,0.38,0,0,2,0,2,1,0,1,2,44.44444444,27.27272727,57.89473684,70.76023392
2105,2020,8,Spring,Commercial,2,CN-NY,CN Oddy,CN_Oddy,D318,N/A,2.01,1,0,2,0,2,1,0,1,2,44.44444444,27.27272727,57.89473684,70.76023392
2106,2020,8,Spring,Commercial,2,CN-NY,CN Racetrack,CN_Marys,D319,1,1.34,0,0,2,0,2,1,0,1,2,44.44444444,27.27272727,57.89473684,70.76023392
2107,2020,8,Spring,Commercial,2,CN-NY,CN Racetrack,CN_Marys,D320,1,2.39,1,0,2,0,2,1,0,1,2,44.44444444,27.27272727,57.89473684,70.76023392
2108,2020,8,Spring,Commercial,2,CN-NY,CN Racetrack,CN_Marys,D321,1,1.79,0,0,2,0,2,1,0,1,2,44.44444444,27.27272727,57.89473684,70.76023392
2109,2020,8,Spring,Commercial,2,CN-NY,CN Racetrack,CN_Marys,D322,1,0.83,0,0,2,0,2,1,0,1,2,44.44444444,27.27272727,57.89473684,70.76023392
2110,2020,8,Spring,Commercial,2,CN-NY,CN Racetrack,CN_Marys,D323,1,0.79,0,0,2,0,2,1,0,1,2,44.44444444,27.27272727,57.89473684,70.76023392
2111,2020,8,Spring,Commercial,2,CN-NY,CN Racetrack,CN_Marys,D324,1,0.83,0,0,2,0,2,1,0,1,2,44.44444444,27.27272727,57.89473684,70.76023392
2112,2020,8,Spring,Commercial,2,CN-NY,CN Racetrack,CN_Marys,D325,1,0.00,0,0,2,0,2,1,0,1,2,44.44444444,27.27272727,57.89473684,70.76023392
2113,2020,8,Spring,Commercial,2,CN-NY,CN Racetrack,CN_Marys,D326,1,0.00,0,0,2,0,2,1,0,1,2,44.44444444,27.27272727,57.89473684,70.76023392
2114,2020,8,Spring,Commercial,2,CN-NY,CN Racetrack,CN_Marys,D327,1,2.42,1,0,2,0,2,1,0,1,2,44.44444444,27.27272727,57.89473684,70.76023392
2115,2020,8,Spring,Commercial,2,CN-NY,CN Racetrack,CN_Marys,D328,1,2.13,1,0,2,0,2,1,0,1,2,44.44444444,27.27272727,57.89473684,70.76023392
2116,2020,8,Spring,Commercial,2,HG-NY,HG Home yard,HG_Home,D329,1,0.00,0,0,0,0,0,0,0,0,5,44.44444444,14.28571429,45.45454545,26.82926829
2117,2020,8,Spring,Commercial,2,HG-NY,HG Home yard,HG_Home,D330,1,0.00,0,0,0,0,0,0,0,0,5,44.44444444,14.28571429,45.45454545,26.82926829
2118,2020,8,Spring,Commercial,2,HG-NY,HG Home yard,HG_Home,D331,1,0.84,0,0,0,0,0,0,0,0,5,44.44444444,14.28571429,45.45454545,26.82926829
2119,2020,8,Spring,Commercial,2,HG-NY,HG Home yard,HG_Home,D332,1,0.00,0,0,0,0,0,0,0,0,5,44.44444444,14.28571429,45.45454545,26.82926829
2120,2020,8,Spring,Commercial,2,HG-NY,HG Home yard,HG_Home,D333,1,0.00,0,0,0,0,0,0,0,0,5,44.44444444,14.28571429,45.45454545,26.82926829
2121,2020,8,Spring,Commercial,2,HG-NY,HG Home yard,HG_Home,D334,1,0.37,0,0,0,0,0,0,0,0,5,44.44444444,14.28571429,45.45454545,26.82926829
2122,2020,8,Spring,Commercial,2,HG-NY,HG Home yard,HG_Home,D335,1,2.64,1,0,0,0,0,0,0,0,5,44.44444444,14.28571429,45.45454545,26.82926829
2123,2020,8,Spring,Commercial,2,HG-NY,HG Home yard,HG_Home,D336,1,0.00,0,0,0,0,0,0,0,0,5,44.44444444,14.28571429,45.45454545,26.82926829
2124,2020,8,Spring,Commercial,2,HG-NY,HG Home yard,HG_Home,D337,1,0.39,0,0,0,0,0,0,0,0,5,44.44444444,14.28571429,45.45454545,26.82926829
2125,2020,8,Spring,Commercial,2,HG-NY,HG Home yard,HG_Home,D338,N/A,0.00,0,0,0,0,0,0,0,0,5,44.44444444,14.28571429,45.45454545,26.82926829
2126,2020,8,Spring,Commercial,2,HG-NY,HG School yard,HG_School,C347,1,0.00,0,0,0,0,0,0,0,0,5,44.44444444,14.28571429,45.45454545,26.82926829
2127,2020,8,Spring,Commercial,2,HG-NY,HG School yard,HG_School,D339,1,0.72,0,0,0,0,0,0,0,0,5,44.44444444,14.28571429,45.45454545,26.82926829
2128,2020,8,Spring,Commercial,2,HG-NY,HG School yard,HG_School,D340,1,0.32,0,0,0,0,0,0,0,0,5,44.44444444,14.28571429,45.45454545,26.82926829
2129,2020,8,Spring,Commercial,2,HG-NY,HG School yard,HG_School,D341,1,2.56,1,0,0,0,0,0,0,0,5,44.44444444,14.28571429,45.45454545,26.82926829
2130,2020,8,Spring,Commercial,2,HG-NY,HG School yard,HG_School,D342,1,5.11,1,0,0,0,0,0,0,0,5,44.44444444,14.28571429,45.45454545,26.82926829
2131,2020,8,Spring,Commercial,2,HG-NY,HG School yard,HG_School,D343,1,2.70,1,0,0,0,0,0,0,0,5,44.44444444,14.28571429,45.45454545,26.82926829
2132,2020,8,Spring,Commercial,2,HG-NY,HG School yard,HG_School,D344,1,0.00,0,0,0,0,0,0,0,0,5,44.44444444,14.28571429,45.45454545,26.82926829
2133,2020,8,Spring,Commercial,2,HG-NY,HG School yard,HG_School,D345,1,0.00,0,0,0,0,0,0,0,0,5,44.44444444,14.28571429,45.45454545,26.82926829
2134,2020,8,Spring,Commercial,2,HG-NY,HG School yard,HG_School,D346,1,0.00,0,0,0,0,0,0,0,0,5,44.44444444,14.28571429,45.45454545,26.82926829
2135,2020,8,Spring,Commercial,2,HG-NY,HG School yard,HG_School,D347,1,0.00,0,0,0,0,0,0,0,0,5,44.44444444,14.28571429,45.45454545,26.82926829
2136,2020,8,Spring,Commercial,1,LT2-NY,LT2 Grange Hill Rd,LT_Grange,D368,1,1.87,0,0,N/A,N/A,N/A,N/A,N/A,N/A,N/A,39.56043956,34.54545455,60.43956044,N/A
2137,2020,8,Spring,Commercial,1,LT2-NY,LT2 Grange Hill Rd,LT_Grange,D369,N/A,3.11,1,0,N/A,N/A,N/A,N/A,N/A,N/A,N/A,39.56043956,34.54545455,60.43956044,N/A
2138,2020,8,Spring,Commercial,1,LT2-NY,LT2 Grange Hill Rd,LT_Grange,D370,1,5.28,1,0,N/A,N/A,N/A,N/A,N/A,N/A,N/A,39.56043956,34.54545455,60.43956044,N/A
2139,2020,8,Spring,Commercial,1,LT2-NY,LT2 Grange Hill Rd,LT_Grange,D371,1,1.68,0,0,N/A,N/A,N/A,N/A,N/A,N/A,N/A,39.56043956,34.54545455,60.43956044,N/A
2140,2020,8,Spring,Commercial,1,LT2-NY,LT2 Grange Hill Rd,LT_Grange,D372,1,2.22,1,0,N/A,N/A,N/A,N/A,N/A,N/A,N/A,39.56043956,34.54545455,60.43956044,N/A
2141,2020,8,Spring,Commercial,1,LT2-NY,LT2 Grange Hill Rd,LT_Grange,D373,N/A,4.33,1,0,N/A,N/A,N/A,N/A,N/A,N/A,N/A,39.56043956,34.54545455,60.43956044,N/A
2142,2020,8,Spring,Commercial,1,LT2-NY,LT2 Grange Hill Rd,LT_Grange,D374,1,5.05,1,0,N/A,N/A,N/A,N/A,N/A,N/A,N/A,39.56043956,34.54545455,60.43956044,N/A
2143,2020,8,Spring,Commercial,1,LT2-NY,LT2 Grange Hill Rd,LT_Grange,D375,1,0.35,0,0,N/A,N/A,N/A,N/A,N/A,N/A,N/A,39.56043956,34.54545455,60.43956044,N/A
2144,2020,8,Spring,Commercial,1,LT2-NY,LT2 Grange Hill Rd,LT_Grange,D376,1,5.60,1,0,N/A,N/A,N/A,N/A,N/A,N/A,N/A,39.56043956,34.54545455,60.43956044,N/A
2145,2020,8,Spring,Commercial,1,LT2-NY,LT2 Grange Hill Rd,LT_Grange,D377,1,2.35,1,0,N/A,N/A,N/A,N/A,N/A,N/A,N/A,39.56043956,34.54545455,60.43956044,N/A
2146,2020,8,Spring,Commercial,1,LT2-NY,LT2 Waterville Shed,LT_Waterville,D378,1,1.20,0,0,N/A,N/A,N/A,N/A,N/A,N/A,N/A,39.56043956,34.54545455,60.43956044,N/A
2147,2020,8,Spring,Commercial,1,LT2-NY,LT2 Waterville Shed,LT_Waterville,D379,1,3.72,1,0,N/A,N/A,N/A,N/A,N/A,N/A,N/A,39.56043956,34.54545455,60.43956044,N/A
2148,2020,8,Spring,Commercial,1,LT2-NY,LT2 Waterville Shed,LT_Waterville,D380,1,1.56,0,0,N/A,N/A,N/A,N/A,N/A,N/A,N/A,39.56043956,34.54545455,60.43956044,N/A
2149,2020,8,Spring,Commercial,1,LT2-NY,LT2 Waterville Shed,LT_Waterville,D381,1,3.45,1,0,N/A,N/A,N/A,N/A,N/A,N/A,N/A,39.56043956,34.54545455,60.43956044,N/A
2150,2020,8,Spring,Commercial,1,LT2-NY,LT2 Waterville Shed,LT_Waterville,D382,1,3.17,1,0,N/A,N/A,N/A,N/A,N/A,N/A,N/A,39.56043956,34.54545455,60.43956044,N/A
2151,2020,8,Spring,Commercial,1,LT2-NY,LT2 Waterville Shed,LT_Waterville,D383,N/A,10.07,1,0,N/A,N/A,N/A,N/A,N/A,N/A,N/A,39.56043956,34.54545455,60.43956044,N/A
2152,2020,8,Spring,Commercial,1,LT2-NY,LT2 Waterville Shed,LT_Waterville,D384,1,3.76,1,0,N/A,N/A,N/A,N/A,N/A,N/A,N/A,39.56043956,34.54545455,60.43956044,N/A
2153,2020,8,Spring,Commercial,1,LT2-NY,LT2 Waterville Shed,LT_Waterville,D385,1,4.00,1,0,N/A,N/A,N/A,N/A,N/A,N/A,N/A,39.56043956,34.54545455,60.43956044,N/A
2154,2020,8,Spring,Commercial,1,LT2-NY,LT2 Waterville Shed,LT_Waterville,D386,1,4.91,1,1,N/A,N/A,N/A,N/A,N/A,N/A,N/A,39.56043956,34.54545455,60.43956044,N/A
2155,2020,8,Spring,Commercial,1,LT2-NY,LT2 Waterville Shed,LT_Waterville,D387,1,4.09,1,0,N/A,N/A,N/A,N/A,N/A,N/A,N/A,39.56043956,34.54545455,60.43956044,N/A
2156,2020,8,Spring,Commercial,2,NX-NY,NX Clinton St,,D414,1,0.83,0,0,0,0,0,0,0,0,1,15.11111111,2.34375,13.79310345,7.5
2157,2020,8,Spring,Commercial,2,NX-NY,NX Clinton St,,D415,1,0.79,0,0,0,0,0,0,0,0,1,15.11111111,2.34375,13.79310345,7.5
2158,2020,8,Spring,Commercial,2,NX-NY,NX Clinton St,,D416,1,0.90,0,0,0,0,0,0,0,0,1,15.11111111,2.34375,13.79310345,7.5
2159,2020,8,Spring,Commercial,2,NX-NY,NX Clinton St,,D417,1,0.83,0,0,0,0,0,0,0,0,1,15.11111111,2.34375,13.79310345,7.5
2160,2020,8,Spring,Commercial,2,NX-NY,NX Clinton St,,D418,1,0.74,0,0,0,0,0,0,0,0,1,15.11111111,2.34375,13.79310345,7.5
2161,2020,8,Spring,Commercial,2,NX-NY,NX Clinton St,,D419,N/A,0.77,0,0,0,0,0,0,0,0,1,15.11111111,2.34375,13.79310345,7.5
2162,2020,8,Spring,Commercial,2,NX-NY,NX Clinton St,,D420,1,0.93,0,0,0,0,0,0,0,0,1,15.11111111,2.34375,13.79310345,7.5
2163,2020,8,Spring,Commercial,2,NX-NY,NX Clinton St,,D421,1,0.72,0,0,0,0,0,0,0,0,1,15.11111111,2.34375,13.79310345,7.5
2164,2020,8,Spring,Commercial,2,NX-NY,NX Clinton St,,D422,1,0.80,0,0,0,0,0,0,0,0,1,15.11111111,2.34375,13.79310345,7.5
2165,2020,8,Spring,Commercial,2,NX-NY,NX Clinton St,,D423,1,0.84,0,0,0,0,0,0,0,0,1,15.11111111,2.34375,13.79310345,7.5
2166,2020,8,Spring,Commercial,2,NX-NY,NX Geise Rd,,C227,1,0.61,0,0,0,0,0,0,0,0,1,15.11111111,2.34375,13.79310345,7.5
2167,2020,8,Spring,Commercial,2,NX-NY,NX Geise Rd,,C228,1,0.69,0,0,0,0,0,0,0,0,1,15.11111111,2.34375,13.79310345,7.5
2168,2020,8,Spring,Commercial,2,NX-NY,NX Geise Rd,,C229,1,0.78,0,0,0,0,0,0,0,0,1,15.11111111,2.34375,13.79310345,7.5
2169,2020,8,Spring,Commercial,2,NX-NY,NX Geise Rd,,D407,1,0.70,0,0,0,0,0,0,0,0,1,15.11111111,2.34375,13.79310345,7.5
2170,2020,8,Spring,Commercial,2,NX-NY,NX Geise Rd,,D408,1,0.75,0,0,0,0,0,0,0,0,1,15.11111111,2.34375,13.79310345,7.5
2171,2020,8,Spring,Commercial,2,NX-NY,NX Geise Rd,,D409,1,0.90,0,0,0,0,0,0,0,0,1,15.11111111,2.34375,13.79310345,7.5
2172,2020,8,Spring,Commercial,2,NX-NY,NX Geise Rd,,D410,1,0.78,0,0,0,0,0,0,0,0,1,15.11111111,2.34375,13.79310345,7.5
2173,2020,8,Spring,Commercial,2,NX-NY,NX Geise Rd,,D411,1,0.80,0,0,0,0,0,0,0,0,1,15.11111111,2.34375,13.79310345,7.5
2174,2020,8,Spring,Commercial,2,NX-NY,NX Geise Rd,,D412,1,0.75,0,0,0,0,0,0,0,0,1,15.11111111,2.34375,13.79310345,7.5
2175,2020,8,Spring,Commercial,2,NX-NY,NX Geise Rd,,D413,1,0.71,0,0,0,0,0,0,0,0,1,15.11111111,2.34375,13.79310345,7.5
2176,2020,8,Spring,Commercial,1,QG-NY,QG Johnson Rd,QG_Johnson,D348,N/A,0.00,0,0,4,0,4,1,0,1,3,28.57142857,12.5,30,30.71593533
2177,2020,8,Spring,Commercial,1,QG-NY,QG Johnson Rd,QG_Johnson,D349,1,0.00,0,0,4,0,4,1,0,1,3,28.57142857,12.5,30,30.71593533
2178,2020,8,Spring,Commercial,1,QG-NY,QG Johnson Rd,QG_Johnson,D350,1,0.00,0,0,4,0,4,1,0,1,3,28.57142857,12.5,30,30.71593533
2179,2020,8,Spring,Commercial,1,QG-NY,QG Johnson Rd,QG_Johnson,D351,1,0.72,0,0,4,0,4,1,0,1,3,28.57142857,12.5,30,30.71593533
2180,2020,8,Spring,Commercial,1,QG-NY,QG Johnson Rd,QG_Johnson,D352,1,0.83,0,0,4,0,4,1,0,1,3,28.57142857,12.5,30,30.71593533
2181,2020,8,Spring,Commercial,1,QG-NY,QG Johnson Rd,QG_Johnson,D353,N/A,0.00,0,0,4,0,4,1,0,1,3,28.57142857,12.5,30,30.71593533
2182,2020,8,Spring,Commercial,1,QG-NY,QG Johnson Rd,QG_Johnson,D354,1,0.00,0,0,4,0,4,1,0,1,3,28.57142857,12.5,30,30.71593533
2183,2020,8,Spring,Commercial,1,QG-NY,QG Johnson Rd,QG_Johnson,D355,1,0.00,0,0,4,0,4,1,0,1,3,28.57142857,12.5,30,30.71593533
2184,2020,8,Spring,Commercial,1,QG-NY,QG Johnson Rd,QG_Johnson,D356,1,0.00,0,0,4,0,4,1,0,1,3,28.57142857,12.5,30,30.71593533
2185,2020,8,Spring,Commercial,1,QG-NY,QG Johnson Rd,QG_Johnson,D357,1,0.34,0,0,4,0,4,1,0,1,3,28.57142857,12.5,30,30.71593533
2186,2020,8,Spring,Commercial,1,QG-NY,QG Miller's Grove Rd,QG_Millers,D358,1,0.00,0,0,4,0,4,1,0,1,3,28.57142857,12.5,30,30.71593533
2187,2020,8,Spring,Commercial,1,QG-NY,QG Miller's Grove Rd,QG_Millers,D359,N/A,0.00,0,0,4,0,4,1,0,1,3,28.57142857,12.5,30,30.71593533
2188,2020,8,Spring,Commercial,1,QG-NY,QG Miller's Grove Rd,QG_Millers,D360,N/A,0.00,0,0,4,0,4,1,0,1,3,28.57142857,12.5,30,30.71593533
2189,2020,8,Spring,Commercial,1,QG-NY,QG Miller's Grove Rd,QG_Millers,D361,1,0.00,0,0,4,0,4,1,0,1,3,28.57142857,12.5,30,30.71593533
2190,2020,8,Spring,Commercial,1,QG-NY,QG Miller's Grove Rd,QG_Millers,D362,1,0.00,0,0,4,0,4,1,0,1,3,28.57142857,12.5,30,30.71593533
2191,2020,8,Spring,Commercial,1,QG-NY,QG Miller's Grove Rd,QG_Millers,D363,N/A,0.00,0,0,4,0,4,1,0,1,3,28.57142857,12.5,30,30.71593533
2192,2020,8,Spring,Commercial,1,QG-NY,QG Miller's Grove Rd,QG_Millers,D364,1,0.34,0,0,4,0,4,1,0,1,3,28.57142857,12.5,30,30.71593533
2193,2020,8,Spring,Commercial,1,QG-NY,QG Miller's Grove Rd,QG_Millers,D365,1,0.00,0,0,4,0,4,1,0,1,3,28.57142857,12.5,30,30.71593533
2194,2020,8,Spring,Commercial,1,QG-NY,QG Miller's Grove Rd,QG_Millers,D366,1,0.00,0,0,4,0,4,1,0,1,3,28.57142857,12.5,30,30.71593533
2195,2020,8,Spring,Commercial,1,QG-NY,QG Miller's Grove Rd,QG_Millers,D367,N/A,0.00,0,0,4,0,4,1,0,1,3,28.57142857,12.5,30,30.71593533
2196,2020,8,Spring,Commercial,2,QN-NY,QN Miller's Crossing Hill,QN_Millers,C451,1,0.00,0,0,3,0,3,3,0,3,0,0,24.5,24.5,N/A
2197,2020,8,Spring,Commercial,2,QN-NY,QN Miller's Crossing Hill,QN_Millers,C454,1,0.00,0,0,3,0,3,3,0,3,0,0,24.5,24.5,N/A
2198,2020,8,Spring,Commercial,2,QN-NY,QN Miller's Crossing Hill,QN_Millers,C455,1,0.66,0,0,3,0,3,3,0,3,0,0,24.5,24.5,N/A
2199,2020,8,Spring,Commercial,2,QN-NY,QN Miller's Crossing Hill,QN_Millers,C457,N/A,0.00,0,0,3,0,3,3,0,3,0,0,24.5,24.5,N/A
2200,2020,8,Spring,Commercial,2,QN-NY,QN Miller's Crossing Hill,QN_Millers,D303,1,0.00,0,0,3,0,3,3,0,3,0,0,24.5,24.5,N/A
2201,2020,8,Spring,Commercial,2,QN-NY,QN Miller's Crossing Hill,QN_Millers,D304,1,0.37,0,0,3,0,3,3,0,3,0,0,24.5,24.5,N/A
2202,2020,8,Spring,Commercial,2,QN-NY,QN Miller's Crossing Hill,QN_Millers,D305,1,0.00,0,0,3,0,3,3,0,3,0,0,24.5,24.5,N/A
2203,2020,8,Spring,Commercial,2,QN-NY,QN Miller's Crossing Hill,QN_Millers,D306,1,0.32,0,0,3,0,3,3,0,3,0,0,24.5,24.5,N/A
2204,2020,8,Spring,Commercial,2,QN-NY,QN Miller's Crossing Hill,QN_Millers,D307,1,0.00,0,0,3,0,3,3,0,3,0,0,24.5,24.5,N/A
2205,2020,8,Spring,Commercial,2,QN-NY,QN Miller's Crossing Hill,QN_Millers,D308,1,0.00,0,0,3,0,3,3,0,3,0,0,24.5,24.5,N/A
2206,2020,8,Spring,Commercial,2,QN-NY,QN Rock City Farm,,C441,1,0.00,0,0,3,0,3,3,0,3,0,0,24.5,24.5,N/A
2207,2020,8,Spring,Commercial,2,QN-NY,QN Rock City Farm,,C442,1,0.30,0,0,3,0,3,3,0,3,0,0,24.5,24.5,N/A
2208,2020,8,Spring,Commercial,2,QN-NY,QN Rock City Farm,,C444,1,0.35,0,0,3,0,3,3,0,3,0,0,24.5,24.5,N/A
2209,2020,8,Spring,Commercial,2,QN-NY,QN Rock City Farm,,C447,1,0.26,0,0,3,0,3,3,0,3,0,0,24.5,24.5,N/A
2210,2020,8,Spring,Commercial,2,QN-NY,QN Rock City Farm,,C448,1,0.00,0,0,3,0,3,3,0,3,0,0,24.5,24.5,N/A
2211,2020,8,Spring,Commercial,2,QN-NY,QN Rock City Farm,,C449,1,0.31,0,0,3,0,3,3,0,3,0,0,24.5,24.5,N/A
2212,2020,8,Spring,Commercial,2,QN-NY,QN Rock City Farm,,C450,1,0.30,0,0,3,0,3,3,0,3,0,0,24.5,24.5,N/A
2213,2020,8,Spring,Commercial,2,QN-NY,QN Rock City Farm,,C505,N/A,0.00,0,0,3,0,3,3,0,3,0,0,24.5,24.5,N/A
2214,2020,8,Spring,Commercial,2,QN-NY,QN Rock City Farm,,D301,1,0.30,0,0,3,0,3,3,0,3,0,0,24.5,24.5,N/A
2215,2020,8,Spring,Commercial,2,QN-NY,QN Rock City Farm,,D302,1,0.00,0,0,3,0,3,3,0,3,0,0,24.5,24.5,N/A
2216,2020,8,Spring,Commercial,2,TD-NY,TD Gravel pit,,C478,1,0.40,0,0,0,0,0,0,0,0,3,20,40.90909091,50,50
2217,2020,8,Spring,Commercial,2,TD-NY,TD Gravel pit,,D398,N/A,0.40,0,0,0,0,0,0,0,0,3,20,40.90909091,50,50
2218,2020,8,Spring,Commercial,2,TD-NY,TD Gravel pit,,D399,N/A,0.00,0,0,0,0,0,0,0,0,3,20,40.90909091,50,50
2219,2020,8,Spring,Commercial,2,TD-NY,TD Gravel pit,,D400,N/A,0.91,0,0,0,0,0,0,0,0,3,20,40.90909091,50,50
2220,2020,8,Spring,Commercial,2,TD-NY,TD Gravel pit,,D401,N/A,1.86,0,0,0,0,0,0,0,0,3,20,40.90909091,50,50
2221,2020,8,Spring,Commercial,2,TD-NY,TD Gravel pit,,D402,1,1.56,0,0,0,0,0,0,0,0,3,20,40.90909091,50,50
2222,2020,8,Spring,Commercial,2,TD-NY,TD Gravel pit,,D403,1,3.86,1,0,0,0,0,0,0,0,3,20,40.90909091,50,50
2223,2020,8,Spring,Commercial,2,TD-NY,TD Gravel pit,,D404,N/A,0.00,0,0,0,0,0,0,0,0,3,20,40.90909091,50,50
2224,2020,8,Spring,Commercial,2,TD-NY,TD Gravel pit,,D405,N/A,0.00,0,0,0,0,0,0,0,0,3,20,40.90909091,50,50
2225,2020,8,Spring,Commercial,2,TD-NY,TD Gravel pit,,D406,1,0.42,0,0,0,0,0,0,0,0,3,20,40.90909091,50,50
2226,2020,8,Spring,Commercial,2,TD-NY,TD Home yard,TD_Home_Yard,D388,1,0.00,0,0,0,0,0,0,0,0,3,20,40.90909091,50,50
2227,2020,8,Spring,Commercial,2,TD-NY,TD Home yard,TD_Home_Yard,D389,1,2.94,1,0,0,0,0,0,0,0,3,20,40.90909091,50,50
2228,2020,8,Spring,Commercial,2,TD-NY,TD Home yard,TD_Home_Yard,D390,1,0.00,0,0,0,0,0,0,0,0,3,20,40.90909091,50,50
2229,2020,8,Spring,Commercial,2,TD-NY,TD Home yard,TD_Home_Yard,D391,1,0.37,0,0,0,0,0,0,0,0,3,20,40.90909091,50,50
2230,2020,8,Spring,Commercial,2,TD-NY,TD Home yard,TD_Home_Yard,D392,1,0.33,0,0,0,0,0,0,0,0,3,20,40.90909091,50,50
2231,2020,8,Spring,Commercial,2,TD-NY,TD Home yard,TD_Home_Yard,D393,1,3.73,1,0,0,0,0,0,0,0,3,20,40.90909091,50,50
2232,2020,8,Spring,Commercial,2,TD-NY,TD Home yard,TD_Home_Yard,D394,1,0.39,0,0,0,0,0,0,0,0,3,20,40.90909091,50,50
2233,2020,8,Spring,Commercial,2,TD-NY,TD Home yard,TD_Home_Yard,D395,1,0.37,0,0,0,0,0,0,0,0,3,20,40.90909091,50,50
2234,2020,8,Spring,Commercial,2,TD-NY,TD Home yard,TD_Home_Yard,D396,1,1.09,0,0,0,0,0,0,0,0,3,20,40.90909091,50,50
2235,2020,8,Spring,Commercial,2,TD-NY,TD Home yard,TD_Home_Yard,D397,1,1.19,0,0,0,0,0,0,0,0,3,20,40.90909091,50,50
2236,2020,8,Spring,Commercial,1,XQ-NY,XQ Kingtown Beach Rd,XQ_Kingtown_Beach,D434,1,0.34,0,0,N/A,N/A,N/A,N/A,N/A,N/A,N/A,N/A,N/A,N/A,35.71428571
2237,2020,8,Spring,Commercial,1,XQ-NY,XQ Kingtown Beach Rd,XQ_Kingtown_Beach,D435,1,0.00,0,0,N/A,N/A,N/A,N/A,N/A,N/A,N/A,N/A,N/A,N/A,35.71428571
2238,2020,8,Spring,Commercial,1,XQ-NY,XQ Kingtown Beach Rd,XQ_Kingtown_Beach,D436,1,0.00,0,0,N/A,N/A,N/A,N/A,N/A,N/A,N/A,N/A,N/A,N/A,35.71428571
2239,2020,8,Spring,Commercial,1,XQ-NY,XQ Kingtown Beach Rd,XQ_Kingtown_Beach,D437,1,0.00,0,0,N/A,N/A,N/A,N/A,N/A,N/A,N/A,N/A,N/A,N/A,35.71428571
2240,2020,8,Spring,Commercial,1,XQ-NY,XQ Kingtown Beach Rd,XQ_Kingtown_Beach,D438,1,0.00,0,0,N/A,N/A,N/A,N/A,N/A,N/A,N/A,N/A,N/A,N/A,35.71428571
2241,2020,8,Spring,Commercial,1,XQ-NY,XQ Kingtown Beach Rd,XQ_Kingtown_Beach,D439,1,0.00,0,0,N/A,N/A,N/A,N/A,N/A,N/A,N/A,N/A,N/A,N/A,35.71428571
2242,2020,8,Spring,Commercial,1,XQ-NY,XQ Kingtown Beach Rd,XQ_Kingtown_Beach,D440,N/A,0.39,0,0,N/A,N/A,N/A,N/A,N/A,N/A,N/A,N/A,N/A,N/A,35.71428571
2243,2020,8,Spring,Commercial,1,XQ-NY,XQ Kingtown Beach Rd,XQ_Kingtown_Beach,D441,1,0.00,0,0,N/A,N/A,N/A,N/A,N/A,N/A,N/A,N/A,N/A,N/A,35.71428571
2244,2020,8,Spring,Commercial,1,XQ-NY,XQ Kingtown Beach Rd,XQ_Kingtown_Beach,D442,1,0.00,0,0,N/A,N/A,N/A,N/A,N/A,N/A,N/A,N/A,N/A,N/A,35.71428571
2245,2020,8,Spring,Commercial,1,XQ-NY,XQ Kingtown Beach Rd,XQ_Kingtown_Beach,D443,1,0.00,0,0,N/A,N/A,N/A,N/A,N/A,N/A,N/A,N/A,N/A,N/A,35.71428571
2246,2020,8,Spring,Commercial,1,XQ-NY,XQ Route 96,XQ_CR_142,D424,N/A,7.55,1,0,N/A,N/A,N/A,N/A,N/A,N/A,N/A,N/A,N/A,N/A,35.71428571
2247,2020,8,Spring,Commercial,1,XQ-NY,XQ Route 96,XQ_CR_142,D425,N/A,2.83,1,0,N/A,N/A,N/A,N/A,N/A,N/A,N/A,N/A,N/A,N/A,35.71428571
2248,2020,8,Spring,Commercial,1,XQ-NY,XQ Route 96,XQ_CR_142,D426,N/A,18.47,1,0,N/A,N/A,N/A,N/A,N/A,N/A,N/A,N/A,N/A,N/A,35.71428571
2249,2020,8,Spring,Commercial,1,XQ-NY,XQ Route 96,XQ_CR_142,D427,N/A,8.33,1,0,N/A,N/A,N/A,N/A,N/A,N/A,N/A,N/A,N/A,N/A,35.71428571
2250,2020,8,Spring,Commercial,1,XQ-NY,XQ Route 96,XQ_CR_142,D428,N/A,1.78,0,0,N/A,N/A,N/A,N/A,N/A,N/A,N/A,N/A,N/A,N/A,35.71428571
2251,2020,8,Spring,Commercial,1,XQ-NY,XQ Route 96,XQ_CR_142,D429,N/A,13.38,1,0,N/A,N/A,N/A,N/A,N/A,N/A,N/A,N/A,N/A,N/A,35.71428571
2252,2020,8,Spring,Commercial,1,XQ-NY,XQ Route 96,XQ_CR_142,D430,N/A,3.08,1,0,N/A,N/A,N/A,N/A,N/A,N/A,N/A,N/A,N/A,N/A,35.71428571
2253,2020,8,Spring,Commercial,1,XQ-NY,XQ Route 96,XQ_CR_142,D431,N/A,2.15,1,0,N/A,N/A,N/A,N/A,N/A,N/A,N/A,N/A,N/A,N/A,35.71428571
2254,2020,8,Spring,Commercial,1,XQ-NY,XQ Route 96,XQ_CR_142,D432,N/A,1.44,0,0,N/A,N/A,N/A,N/A,N/A,N/A,N/A,N/A,N/A,N/A,35.71428571
2255,2020,8,Spring,Commercial,1,XQ-NY,XQ Route 96,XQ_CR_142,D433,N/A,8.45,1,0,N/A,N/A,N/A,N/A,N/A,N/A,N/A,N/A,N/A,N/A,35.71428571
2256,2020,8,Spring,Sideliner,3,BD-NY,BD Marbletown Rd,BD_Marble,C204,1,0.00,0,0,3,0,3,2,0,2,3,23.68421053,5.714285714,25,N/A
2257,2020,8,Spring,Sideliner,3,BD-NY,BD Marbletown Rd,BD_Marble,C205,1,0.00,0,0,3,0,3,2,0,2,3,23.68421053,5.714285714,25,N/A
2258,2020,8,Spring,Sideliner,3,BD-NY,BD Marbletown Rd,BD_Marble,D213,1,1.12,0,0,3,0,3,2,0,2,3,23.68421053,5.714285714,25,N/A
2259,2020,8,Spring,Sideliner,3,BD-NY,BD Marbletown Rd,BD_Marble,D214,1,0.93,0,0,3,0,3,2,0,2,3,23.68421053,5.714285714,25,N/A
2260,2020,8,Spring,Sideliner,2,CI-NY,CI Burns Rd,CI_Burns,C217,1,1.69,0,0,N/A,N/A,N/A,N/A,N/A,N/A,N/A,N/A,N/A,N/A,18.66666667
2261,2020,8,Spring,Sideliner,2,CI-NY,CI Burns Rd,CI_Burns,C219,1,1.01,0,0,N/A,N/A,N/A,N/A,N/A,N/A,N/A,N/A,N/A,N/A,18.66666667
2262,2020,8,Spring,Sideliner,2,CI-NY,CI Burns Rd,CI_Burns,C244,0,9.45,1,1,N/A,N/A,N/A,N/A,N/A,N/A,N/A,N/A,N/A,N/A,18.66666667
2263,2020,8,Spring,Sideliner,2,CI-NY,CI Burns Rd,CI_Burns,D201,1,0.00,0,0,N/A,N/A,N/A,N/A,N/A,N/A,N/A,N/A,N/A,N/A,18.66666667
2264,2020,8,Spring,Sideliner,2,CL-NY,CL Bull St,CL_Bull,C208,1,3.13,1,0,5,0,5,5,0,5,0,37.5,51.2195122,54.54545455,63.63636364
2265,2020,8,Spring,Sideliner,2,CL-NY,CL Bull St,CL_Bull,C209,1,0.86,0,0,5,0,5,5,0,5,0,37.5,51.2195122,54.54545455,63.63636364
2266,2020,8,Spring,Sideliner,2,CL-NY,CL Bull St,CL_Bull,D207,1,8.12,1,0,5,0,5,5,0,5,0,37.5,51.2195122,54.54545455,63.63636364
2267,2020,8,Spring,Sideliner,2,CL-NY,CL Bull St,CL_Bull,D208,1,3.06,1,0,5,0,5,5,0,5,0,37.5,51.2195122,54.54545455,63.63636364
2268,2020,8,Spring,Sideliner,2,CW-NY,CW Maxwell Rd,CW_Maxwell,C212,1,0.00,0,0,4,0,4,4,0,4,2,21.81818182,8.474576271,23.94366197,35.71428571
2269,2020,8,Spring,Sideliner,2,CW-NY,CW Maxwell Rd,CW_Maxwell,C213,1,0.00,0,0,4,0,4,4,0,4,2,21.81818182,8.474576271,23.94366197,35.71428571
2270,2020,8,Spring,Sideliner,2,CW-NY,CW Maxwell Rd,CW_Maxwell,D202,1,0.00,0,0,4,0,4,4,0,4,2,21.81818182,8.474576271,23.94366197,35.71428571
2271,2020,8,Spring,Sideliner,2,CW-NY,CW Maxwell Rd,CW_Maxwell,D203,1,0.00,0,0,4,0,4,4,0,4,2,21.81818182,8.474576271,23.94366197,35.71428571
2272,2020,8,Spring,Sideliner,3,NG-NY,NG Ball Rd,NG_Ball_Rd,B215,1,0.00,0,0,2,0,2,3,0,3,3,32.92682927,5.521472393,29.03225806,N/A
2273,2020,8,Spring,Sideliner,3,NG-NY,NG Ball Rd,NG_Ball_Rd,B218,1,0.00,0,0,2,0,2,3,0,3,3,32.92682927,5.521472393,29.03225806,N/A
2274,2020,8,Spring,Sideliner,3,NG-NY,NG Ball Rd,NG_Ball_Rd,C216,1,0.00,0,0,2,0,2,3,0,3,3,32.92682927,5.521472393,29.03225806,N/A
2275,2020,8,Spring,Sideliner,3,NG-NY,NG Ball Rd,NG_Ball_Rd,D205,1,0.00,0,0,2,0,2,3,0,3,3,32.92682927,5.521472393,29.03225806,N/A
2276,2020,8,Spring,Sideliner,2,TI-NY,TI Mill Rd,TI_Mills,C224,1,1.21,0,0,2,3,5,2,3,5,0,69.6969697,0,75.40983607,0
2277,2020,8,Spring,Sideliner,2,TI-NY,TI Mill Rd,TI_Mills,D217,1,0.00,0,0,2,3,5,2,3,5,0,69.6969697,0,75.40983607,0
2278,2020,8,Spring,Sideliner,2,TI-NY,TI Mill Rd,TI_Mills,D218,1,2.21,1,0,2,3,5,2,3,5,0,69.6969697,0,75.40983607,0
2279,2020,8,Spring,Sideliner,2,TI-NY,TI Mill Rd,TI_Mills,D219,1,0.00,0,0,2,3,5,2,3,5,0,69.6969697,0,75.40983607,0
2280,2020,8,Spring,Sideliner,1,UQ-NY,UQ Cotes Rd,UQ_Cotes,D209,0,0.51,0,0,N/A,N/A,N/A,N/A,N/A,N/A,N/A,N/A,N/A,N/A,0
2281,2020,8,Spring,Sideliner,1,UQ-NY,UQ Cotes Rd,UQ_Cotes,D210,1,0.00,0,0,N/A,N/A,N/A,N/A,N/A,N/A,N/A,N/A,N/A,N/A,0
2282,2020,8,Spring,Sideliner,1,UQ-NY,UQ Cotes Rd,UQ_Cotes,D211,1,0.00,0,0,N/A,N/A,N/A,N/A,N/A,N/A,N/A,N/A,N/A,N/A,0
2283,2020,8,Spring,Sideliner,1,UQ-NY,UQ Cotes Rd,UQ_Cotes,D212,1,0.00,0,0,N/A,N/A,N/A,N/A,N/A,N/A,N/A,N/A,N/A,N/A,0
2284,2020,8,Spring,Sideliner,2,UT-NY,UT Home Yard,UT_Home_Yard,C361,1,0.00,0,0,3,0,3,2,0,2,1,5.154639175,0,2.702702703,8.888888889
2285,2020,8,Spring,Sideliner,2,UT-NY,UT Home Yard,UT_Home_Yard,C362,1,0.00,0,0,3,0,3,2,0,2,1,5.154639175,0,2.702702703,8.888888889
2286,2020,8,Spring,Sideliner,2,UT-NY,UT Home Yard,UT_Home_Yard,C363,1,0.00,0,0,3,0,3,2,0,2,1,5.154639175,0,2.702702703,8.888888889
2287,2020,8,Spring,Sideliner,2,UT-NY,UT Home Yard,UT_Home_Yard,C364,1,0.00,0,0,3,0,3,2,0,2,1,5.154639175,0,2.702702703,8.888888889
2288,2020,8,Spring,Hobbyist,2,BM-NY,BM Smith Rd,,C119,0,38.06,1,0,3,1,4,3,0,3,2,50,47.36842105,58.33333333,86.66666667
2289,2020,8,Spring,Hobbyist,2,BM-NY,BM Smith Rd,,C122,1,3.62,1,0,3,1,4,3,0,3,2,50,47.36842105,58.33333333,86.66666667
2290,2020,8,Spring,Hobbyist,2,BM-NY,BM Smith Rd,,C127,0,1.86,0,0,3,1,4,3,0,3,2,50,47.36842105,58.33333333,86.66666667
2291,2020,8,Spring,Hobbyist,2,BM-NY,BM Smith Rd,,D110,0,36.96,1,0,3,1,4,3,0,3,2,50,47.36842105,58.33333333,86.66666667
2292,2020,8,Spring,Hobbyist,2,BN-NY,BN Paris Hill Rd,,C104,1,0.00,0,0,2,0,2,2,0,2,2,46.15384615,0,46.15384615,N/A
2293,2020,8,Spring,Hobbyist,2,BN-NY,BN Paris Hill Rd,,D108,1,0.00,0,0,2,0,2,2,0,2,2,46.15384615,0,46.15384615,N/A
2294,2020,8,Spring,Hobbyist,2,BN-NY,BN Paris Hill Rd,,D109,1,0.00,0,0,2,0,2,2,0,2,2,46.15384615,0,46.15384615,N/A
2295,2020,8,Spring,Hobbyist,2,EK-NY,EK Daniels Rd,EK_Daniels,D112,1,0.00,0,0,2,0,2,2,0,2,3,77.77777778,0,33.33333333,21.73913043
2296,2020,8,Spring,Hobbyist,2,EK-NY,EK Daniels Rd,EK_Daniels,D113,1,0.00,0,0,2,0,2,2,0,2,3,77.77777778,0,33.33333333,21.73913043
2297,2020,8,Spring,Hobbyist,2,EK-NY,EK Daniels Rd,EK_Daniels,D114,1,0.00,0,0,2,0,2,2,0,2,3,77.77777778,0,33.33333333,21.73913043
2298,2020,8,Spring,Hobbyist,2,EK-NY,EK Daniels Rd,EK_Daniels,D115,1,0.00,0,0,2,0,2,2,0,2,3,77.77777778,0,33.33333333,21.73913043
2299,2020,8,Spring,Hobbyist,2,KC-NY,KC Domes Rd Yard,KC_Domes,C113,1,2.55,1,0,1,0,1,1,0,1,2,23.68421053,6.666666667,28.20512821,71.42857143
2300,2020,8,Spring,Hobbyist,2,KC-NY,KC Domes Rd Yard,KC_Domes,D101,1,0.00,0,0,1,0,1,1,0,1,2,23.68421053,6.666666667,28.20512821,71.42857143
2301,2020,8,Spring,Hobbyist,2,KC-NY,KC Domes Rd Yard,KC_Domes,D102,1,3.48,1,0,1,0,1,1,0,1,2,23.68421053,6.666666667,28.20512821,71.42857143
2302,2020,8,Spring,Hobbyist,2,KC-NY,KC Domes Rd Yard,KC_Domes,D103,0,1.60,0,0,1,0,1,1,0,1,2,23.68421053,6.666666667,28.20512821,71.42857143
2303,2020,8,Spring,Hobbyist,2,KI2-NY,KI2 Stowe Potato,,C105,1,0.99,0,0,N/A,N/A,N/A,N/A,N/A,N/A,N/A,N/A,N/A,N/A,35.71428571
2304,2020,8,Spring,Hobbyist,2,KI2-NY,KI2 Stowe Potato,,C106,1,2.65,1,0,N/A,N/A,N/A,N/A,N/A,N/A,N/A,N/A,N/A,N/A,35.71428571
2305,2020,8,Spring,Hobbyist,2,KI2-NY,KI2 Stowe Potato,,C107,1,8.20,1,0,N/A,N/A,N/A,N/A,N/A,N/A,N/A,N/A,N/A,N/A,35.71428571
2306,2020,8,Spring,Hobbyist,2,KI2-NY,KI2 Stowe Potato,,C108,1,0.34,0,0,N/A,N/A,N/A,N/A,N/A,N/A,N/A,N/A,N/A,N/A,35.71428571
2307,2020,8,Spring,Hobbyist,2,MI2-NY,FW Huggins,FW_Huggins,C201,1,1.06,0,0,5,3,8,5,4,9,8,0,0,0,0
2308,2020,8,Spring,Hobbyist,2,MI2-NY,FW Huggins,FW_Huggins,C202,1,0.34,0,0,5,3,8,5,4,9,8,0,0,0,0
2309,2020,8,Spring,Hobbyist,2,MI2-NY,FW Huggins,FW_Huggins,C246,1,0.00,0,0,5,3,8,5,4,9,8,0,0,0,0
2310,2020,8,Spring,Hobbyist,2,MI2-NY,FW Huggins,FW_Huggins,Δ251,1,0.00,0,0,5,3,8,5,4,9,8,0,0,0,0
2311,2020,8,Spring,Hobbyist,2,MI3-NY,FW Huggins,FW_Huggins,B240,1,0.00,0,0,3,0,3,3,0,3,4,33.33333333,37.5,54.54545455,0
2312,2020,8,Spring,Hobbyist,2,MI3-NY,FW Huggins,FW_Huggins,C101,1,0.00,0,0,3,0,3,3,0,3,4,33.33333333,37.5,54.54545455,0
2313,2020,8,Spring,Hobbyist,2,MI3-NY,FW Huggins,FW_Huggins,C102,1,0.00,0,0,3,0,3,3,0,3,4,33.33333333,37.5,54.54545455,0
2314,2020,8,Spring,Hobbyist,2,MI3-NY,FW Huggins,FW_Huggins,C103,1,0.33,0,0,3,0,3,3,0,3,4,33.33333333,37.5,54.54545455,0
2315,2020,8,Spring,Hobbyist,2,MM-NY,MM Swede Rd,MM_Swede,C235,1,2.16,1,0,3,0,3,1,0,1,3,18.51851852,43.33333333,51.42857143,33.33333333
2316,2020,8,Spring,Hobbyist,2,MM-NY,MM Swede Rd,MM_Swede,C236,1,6.61,1,0,3,0,3,1,0,1,3,18.51851852,43.33333333,51.42857143,33.33333333
2317,2020,8,Spring,Hobbyist,2,MM-NY,MM Swede Rd,MM_Swede,C237,1,0.94,0,0,3,0,3,1,0,1,3,18.51851852,43.33333333,51.42857143,33.33333333
2318,2020,8,Spring,Hobbyist,2,MM-NY,MM Swede Rd,MM_Swede,C238,0,1.80,0,0,3,0,3,1,0,1,3,18.51851852,43.33333333,51.42857143,33.33333333
2319,2020,8,Spring,Hobbyist,2,TN-NY,TN Domes Rd Field,,C115,1,0.00,0,0,2,0,2,2,0,2,3,70,0,36.84210526,33.33333333
2320,2020,8,Spring,Hobbyist,2,TN-NY,TN Domes Rd Field,,D104,1,0.00,0,0,2,0,2,2,0,2,3,70,0,36.84210526,33.33333333
2321,2020,8,Spring,Hobbyist,2,TN-NY,TN Domes Rd Field,,D105,1,0.36,0,0,2,0,2,2,0,2,3,70,0,36.84210526,33.33333333
2322,2020,8,Spring,Hobbyist,2,TN-NY,TN Domes Rd Field,,D106,1,0.00,0,0,2,0,2,2,0,2,3,70,0,36.84210526,33.33333333
2323,2020,9,Fall,Commercial,2,CN-NY,CN Oddy,CN_Oddy,D309,0,2.26,0,0,2,0,2,1,0,1,2,44.44444444,27.27272727,57.89473684,70.76023392
2324,2020,9,Fall,Commercial,2,CN-NY,CN Oddy,CN_Oddy,D310,N/A,8.42,1,0,2,0,2,1,0,1,2,44.44444444,27.27272727,57.89473684,70.76023392
2325,2020,9,Fall,Commercial,2,CN-NY,CN Oddy,CN_Oddy,D311,N/A,33.58,1,0,2,0,2,1,0,1,2,44.44444444,27.27272727,57.89473684,70.76023392
2326,2020,9,Fall,Commercial,2,CN-NY,CN Oddy,CN_Oddy,D312,N/A,18.18,1,0,2,0,2,1,0,1,2,44.44444444,27.27272727,57.89473684,70.76023392
2327,2020,9,Fall,Commercial,2,CN-NY,CN Oddy,CN_Oddy,D313,N/A,17.00,1,0,2,0,2,1,0,1,2,44.44444444,27.27272727,57.89473684,70.76023392
2328,2020,9,Fall,Commercial,2,CN-NY,CN Oddy,CN_Oddy,D314,N/A,14.11,1,0,2,0,2,1,0,1,2,44.44444444,27.27272727,57.89473684,70.76023392
2329,2020,9,Fall,Commercial,2,CN-NY,CN Racetrack,CN_Marys,D319,N/A,3.28,1,0,2,0,2,1,0,1,2,44.44444444,27.27272727,57.89473684,70.76023392
2330,2020,9,Fall,Commercial,2,CN-NY,CN Racetrack,CN_Marys,D320,N/A,7.97,1,0,2,0,2,1,0,1,2,44.44444444,27.27272727,57.89473684,70.76023392
2331,2020,9,Fall,Commercial,2,CN-NY,CN Racetrack,CN_Marys,D321,N/A,8.67,1,1,2,0,2,1,0,1,2,44.44444444,27.27272727,57.89473684,70.76023392
2332,2020,9,Fall,Commercial,2,CN-NY,CN Racetrack,CN_Marys,D322,N/A,31.03,1,0,2,0,2,1,0,1,2,44.44444444,27.27272727,57.89473684,70.76023392
2333,2020,9,Fall,Commercial,2,CN-NY,CN Racetrack,CN_Marys,D323,N/A,12.71,1,0,2,0,2,1,0,1,2,44.44444444,27.27272727,57.89473684,70.76023392
2334,2020,9,Fall,Commercial,2,CN-NY,CN Racetrack,CN_Marys,D324,N/A,22.02,1,0,2,0,2,1,0,1,2,44.44444444,27.27272727,57.89473684,70.76023392
2335,2020,9,Fall,Commercial,2,CN-NY,CN Racetrack,CN_Marys,D325,N/A,13.42,1,1,2,0,2,1,0,1,2,44.44444444,27.27272727,57.89473684,70.76023392
2336,2020,9,Fall,Commercial,2,CN-NY,CN Racetrack,CN_Marys,D326,N/A,1.62,0,0,2,0,2,1,0,1,2,44.44444444,27.27272727,57.89473684,70.76023392
2337,2020,9,Fall,Commercial,2,CN-NY,CN Racetrack,CN_Marys,D327,N/A,3.82,1,0,2,0,2,1,0,1,2,44.44444444,27.27272727,57.89473684,70.76023392
2338,2020,9,Fall,Commercial,2,CN-NY,CN Racetrack,CN_Marys,D328,N/A,23.77,1,0,2,0,2,1,0,1,2,44.44444444,27.27272727,57.89473684,70.76023392
2339,2020,9,Fall,Commercial,2,HG-NY,HG Home yard,HG_Home,D329,N/A,1.46,0,0,0,0,0,0,0,0,5,44.44444444,14.28571429,45.45454545,26.82926829
2340,2020,9,Fall,Commercial,2,HG-NY,HG Home yard,HG_Home,D330,N/A,0.34,0,0,0,0,0,0,0,0,5,44.44444444,14.28571429,45.45454545,26.82926829
2341,2020,9,Fall,Commercial,2,HG-NY,HG Home yard,HG_Home,D331,N/A,1.42,0,0,0,0,0,0,0,0,5,44.44444444,14.28571429,45.45454545,26.82926829
2342,2020,9,Fall,Commercial,2,HG-NY,HG Home yard,HG_Home,D332,N/A,0.33,0,0,0,0,0,0,0,0,5,44.44444444,14.28571429,45.45454545,26.82926829
2343,2020,9,Fall,Commercial,2,HG-NY,HG Home yard,HG_Home,D333,N/A,2.33,0,0,0,0,0,0,0,0,5,44.44444444,14.28571429,45.45454545,26.82926829
2344,2020,9,Fall,Commercial,2,HG-NY,HG Home yard,HG_Home,D334,N/A,4.20,1,0,0,0,0,0,0,0,5,44.44444444,14.28571429,45.45454545,26.82926829
2345,2020,9,Fall,Commercial,2,HG-NY,HG Home yard,HG_Home,D335,N/A,1.86,0,0,0,0,0,0,0,0,5,44.44444444,14.28571429,45.45454545,26.82926829
2346,2020,9,Fall,Commercial,2,HG-NY,HG Home yard,HG_Home,D336,N/A,4.96,1,0,0,0,0,0,0,0,5,44.44444444,14.28571429,45.45454545,26.82926829
2347,2020,9,Fall,Commercial,2,HG-NY,HG Home yard,HG_Home,D337,N/A,2.59,0,0,0,0,0,0,0,0,5,44.44444444,14.28571429,45.45454545,26.82926829
2348,2020,9,Fall,Commercial,2,HG-NY,HG Home yard,HG_Home,D462,N/A,2.56,0,0,0,0,0,0,0,0,5,44.44444444,14.28571429,45.45454545,26.82926829
2349,2020,9,Fall,Commercial,2,HG-NY,HG School yard,HG_School,C347,N/A,1.25,0,0,0,0,0,0,0,0,5,44.44444444,14.28571429,45.45454545,26.82926829
2350,2020,9,Fall,Commercial,2,HG-NY,HG School yard,HG_School,D339,N/A,8.49,1,0,0,0,0,0,0,0,5,44.44444444,14.28571429,45.45454545,26.82926829
2351,2020,9,Fall,Commercial,2,HG-NY,HG School yard,HG_School,D340,N/A,3.47,1,0,0,0,0,0,0,0,5,44.44444444,14.28571429,45.45454545,26.82926829
2352,2020,9,Fall,Commercial,2,HG-NY,HG School yard,HG_School,D341,N/A,12.32,1,0,0,0,0,0,0,0,5,44.44444444,14.28571429,45.45454545,26.82926829
2353,2020,9,Fall,Commercial,2,HG-NY,HG School yard,HG_School,D342,N/A,5.14,1,1,0,0,0,0,0,0,5,44.44444444,14.28571429,45.45454545,26.82926829
2354,2020,9,Fall,Commercial,2,HG-NY,HG School yard,HG_School,D343,N/A,8.18,1,0,0,0,0,0,0,0,5,44.44444444,14.28571429,45.45454545,26.82926829
2355,2020,9,Fall,Commercial,2,HG-NY,HG School yard,HG_School,D344,N/A,8.45,1,0,0,0,0,0,0,0,5,44.44444444,14.28571429,45.45454545,26.82926829
2356,2020,9,Fall,Commercial,2,HG-NY,HG School yard,HG_School,D345,N/A,2.24,0,0,0,0,0,0,0,0,5,44.44444444,14.28571429,45.45454545,26.82926829
2357,2020,9,Fall,Commercial,2,HG-NY,HG School yard,HG_School,D346,N/A,1.66,0,0,0,0,0,0,0,0,5,44.44444444,14.28571429,45.45454545,26.82926829
2358,2020,9,Fall,Commercial,2,HG-NY,HG School yard,HG_School,D347,N/A,2.55,0,0,0,0,0,0,0,0,5,44.44444444,14.28571429,45.45454545,26.82926829
2359,2020,9,Fall,Commercial,1,LT2-NY,LT2 Grange Hill Rd,LT_Grange,D368,N/A,0.55,0,0,N/A,N/A,N/A,N/A,N/A,N/A,N/A,39.56043956,34.54545455,60.43956044,N/A
2360,2020,9,Fall,Commercial,1,LT2-NY,LT2 Grange Hill Rd,LT_Grange,D370,N/A,9.93,1,0,N/A,N/A,N/A,N/A,N/A,N/A,N/A,39.56043956,34.54545455,60.43956044,N/A
2361,2020,9,Fall,Commercial,1,LT2-NY,LT2 Grange Hill Rd,LT_Grange,D371,N/A,3.92,1,0,N/A,N/A,N/A,N/A,N/A,N/A,N/A,39.56043956,34.54545455,60.43956044,N/A
2362,2020,9,Fall,Commercial,1,LT2-NY,LT2 Grange Hill Rd,LT_Grange,D372,N/A,7.83,1,0,N/A,N/A,N/A,N/A,N/A,N/A,N/A,39.56043956,34.54545455,60.43956044,N/A
2363,2020,9,Fall,Commercial,1,LT2-NY,LT2 Grange Hill Rd,LT_Grange,D374,N/A,1.15,0,0,N/A,N/A,N/A,N/A,N/A,N/A,N/A,39.56043956,34.54545455,60.43956044,N/A
2364,2020,9,Fall,Commercial,1,LT2-NY,LT2 Grange Hill Rd,LT_Grange,D375,N/A,1.27,0,0,N/A,N/A,N/A,N/A,N/A,N/A,N/A,39.56043956,34.54545455,60.43956044,N/A
2365,2020,9,Fall,Commercial,1,LT2-NY,LT2 Grange Hill Rd,LT_Grange,D376,N/A,6.12,1,0,N/A,N/A,N/A,N/A,N/A,N/A,N/A,39.56043956,34.54545455,60.43956044,N/A
2366,2020,9,Fall,Commercial,1,LT2-NY,LT2 Grange Hill Rd,LT_Grange,D377,N/A,3.05,1,0,N/A,N/A,N/A,N/A,N/A,N/A,N/A,39.56043956,34.54545455,60.43956044,N/A
2367,2020,9,Fall,Commercial,1,LT2-NY,LT2 Grange Hill Rd,LT_Grange,D470,N/A,4.46,1,0,N/A,N/A,N/A,N/A,N/A,N/A,N/A,39.56043956,34.54545455,60.43956044,N/A
2368,2020,9,Fall,Commercial,1,LT2-NY,LT2 Grange Hill Rd,LT_Grange,D471,N/A,2.41,0,0,N/A,N/A,N/A,N/A,N/A,N/A,N/A,39.56043956,34.54545455,60.43956044,N/A
2369,2020,9,Fall,Commercial,1,LT2-NY,LT2 Waterville Shed,LT_Waterville,D378,N/A,4.28,1,0,N/A,N/A,N/A,N/A,N/A,N/A,N/A,39.56043956,34.54545455,60.43956044,N/A
2370,2020,9,Fall,Commercial,1,LT2-NY,LT2 Waterville Shed,LT_Waterville,D379,N/A,5.44,1,0,N/A,N/A,N/A,N/A,N/A,N/A,N/A,39.56043956,34.54545455,60.43956044,N/A
2371,2020,9,Fall,Commercial,1,LT2-NY,LT2 Waterville Shed,LT_Waterville,D380,N/A,4.59,1,0,N/A,N/A,N/A,N/A,N/A,N/A,N/A,39.56043956,34.54545455,60.43956044,N/A
2372,2020,9,Fall,Commercial,1,LT2-NY,LT2 Waterville Shed,LT_Waterville,D381,N/A,2.64,0,0,N/A,N/A,N/A,N/A,N/A,N/A,N/A,39.56043956,34.54545455,60.43956044,N/A
2373,2020,9,Fall,Commercial,1,LT2-NY,LT2 Waterville Shed,LT_Waterville,D382,N/A,2.22,0,0,N/A,N/A,N/A,N/A,N/A,N/A,N/A,39.56043956,34.54545455,60.43956044,N/A
2374,2020,9,Fall,Commercial,1,LT2-NY,LT2 Waterville Shed,LT_Waterville,D384,N/A,0.88,0,0,N/A,N/A,N/A,N/A,N/A,N/A,N/A,39.56043956,34.54545455,60.43956044,N/A
2375,2020,9,Fall,Commercial,1,LT2-NY,LT2 Waterville Shed,LT_Waterville,D385,N/A,2.63,0,0,N/A,N/A,N/A,N/A,N/A,N/A,N/A,39.56043956,34.54545455,60.43956044,N/A
2376,2020,9,Fall,Commercial,1,LT2-NY,LT2 Waterville Shed,LT_Waterville,D386,N/A,0.36,0,0,N/A,N/A,N/A,N/A,N/A,N/A,N/A,39.56043956,34.54545455,60.43956044,N/A
2377,2020,9,Fall,Commercial,1,LT2-NY,LT2 Waterville Shed,LT_Waterville,D387,N/A,0.92,0,0,N/A,N/A,N/A,N/A,N/A,N/A,N/A,39.56043956,34.54545455,60.43956044,N/A
2378,2020,9,Fall,Commercial,1,LT2-NY,LT2 Waterville Shed,LT_Waterville,D469,N/A,6.34,1,0,N/A,N/A,N/A,N/A,N/A,N/A,N/A,39.56043956,34.54545455,60.43956044,N/A
2379,2020,9,Fall,Commercial,2,NX-NY,NX Clinton St,,D414,N/A,0.00,0,0,0,0,0,0,0,0,1,15.11111111,2.34375,13.79310345,7.5
2380,2020,9,Fall,Commercial,2,NX-NY,NX Clinton St,,D415,N/A,1.68,0,0,0,0,0,0,0,0,1,15.11111111,2.34375,13.79310345,7.5
2381,2020,9,Fall,Commercial,2,NX-NY,NX Clinton St,,D416,N/A,1.27,0,0,0,0,0,0,0,0,1,15.11111111,2.34375,13.79310345,7.5
2382,2020,9,Fall,Commercial,2,NX-NY,NX Clinton St,,D417,N/A,1.93,0,0,0,0,0,0,0,0,1,15.11111111,2.34375,13.79310345,7.5
2383,2020,9,Fall,Commercial,2,NX-NY,NX Clinton St,,D418,N/A,6.94,1,0,0,0,0,0,0,0,1,15.11111111,2.34375,13.79310345,7.5
2384,2020,9,Fall,Commercial,2,NX-NY,NX Clinton St,,D420,N/A,3.13,1,0,0,0,0,0,0,0,1,15.11111111,2.34375,13.79310345,7.5
2385,2020,9,Fall,Commercial,2,NX-NY,NX Clinton St,,D421,N/A,0.00,0,0,0,0,0,0,0,0,1,15.11111111,2.34375,13.79310345,7.5
2386,2020,9,Fall,Commercial,2,NX-NY,NX Clinton St,,D422,N/A,3.13,1,0,0,0,0,0,0,0,1,15.11111111,2.34375,13.79310345,7.5
2387,2020,9,Fall,Commercial,2,NX-NY,NX Clinton St,,D423,N/A,15.72,1,0,0,0,0,0,0,0,1,15.11111111,2.34375,13.79310345,7.5
2388,2020,9,Fall,Commercial,2,NX-NY,NX Clinton St,,D461,N/A,9.06,1,0,0,0,0,0,0,0,1,15.11111111,2.34375,13.79310345,7.5
2389,2020,9,Fall,Commercial,2,NX-NY,NX Geise Rd,,C227,N/A,14.69,1,0,0,0,0,0,0,0,1,15.11111111,2.34375,13.79310345,7.5
2390,2020,9,Fall,Commercial,2,NX-NY,NX Geise Rd,,C228,N/A,6.25,1,0,0,0,0,0,0,0,1,15.11111111,2.34375,13.79310345,7.5
2391,2020,9,Fall,Commercial,2,NX-NY,NX Geise Rd,,C229,N/A,13.45,1,0,0,0,0,0,0,0,1,15.11111111,2.34375,13.79310345,7.5
2392,2020,9,Fall,Commercial,2,NX-NY,NX Geise Rd,,D407,N/A,10.77,1,0,0,0,0,0,0,0,1,15.11111111,2.34375,13.79310345,7.5
2393,2020,9,Fall,Commercial,2,NX-NY,NX Geise Rd,,D408,N/A,8.39,1,0,0,0,0,0,0,0,1,15.11111111,2.34375,13.79310345,7.5
2394,2020,9,Fall,Commercial,2,NX-NY,NX Geise Rd,,D409,N/A,17.87,1,0,0,0,0,0,0,0,1,15.11111111,2.34375,13.79310345,7.5
2395,2020,9,Fall,Commercial,2,NX-NY,NX Geise Rd,,D410,N/A,4.40,1,0,0,0,0,0,0,0,1,15.11111111,2.34375,13.79310345,7.5
2396,2020,9,Fall,Commercial,2,NX-NY,NX Geise Rd,,D411,N/A,6.85,1,0,0,0,0,0,0,0,1,15.11111111,2.34375,13.79310345,7.5
2397,2020,9,Fall,Commercial,2,NX-NY,NX Geise Rd,,D412,N/A,4.85,1,0,0,0,0,0,0,0,1,15.11111111,2.34375,13.79310345,7.5
2398,2020,9,Fall,Commercial,2,NX-NY,NX Geise Rd,,D413,N/A,3.44,1,0,0,0,0,0,0,0,1,15.11111111,2.34375,13.79310345,7.5
2399,2020,9,Fall,Commercial,1,QG-NY,QG Johnson Rd,QG_Johnson,D349,N/A,1.98,0,0,4,0,4,1,0,1,3,28.57142857,12.5,30,30.71593533
2400,2020,9,Fall,Commercial,1,QG-NY,QG Johnson Rd,QG_Johnson,D350,N/A,0.66,0,0,4,0,4,1,0,1,3,28.57142857,12.5,30,30.71593533
2401,2020,9,Fall,Commercial,1,QG-NY,QG Johnson Rd,QG_Johnson,D351,N/A,0.00,0,0,4,0,4,1,0,1,3,28.57142857,12.5,30,30.71593533
2402,2020,9,Fall,Commercial,1,QG-NY,QG Johnson Rd,QG_Johnson,D352,N/A,0.36,0,0,4,0,4,1,0,1,3,28.57142857,12.5,30,30.71593533
2403,2020,9,Fall,Commercial,1,QG-NY,QG Johnson Rd,QG_Johnson,D354,N/A,1.48,0,0,4,0,4,1,0,1,3,28.57142857,12.5,30,30.71593533
2404,2020,9,Fall,Commercial,1,QG-NY,QG Johnson Rd,QG_Johnson,D355,N/A,0.00,0,0,4,0,4,1,0,1,3,28.57142857,12.5,30,30.71593533
2405,2020,9,Fall,Commercial,1,QG-NY,QG Johnson Rd,QG_Johnson,D356,N/A,1.11,0,0,4,0,4,1,0,1,3,28.57142857,12.5,30,30.71593533
2406,2020,9,Fall,Commercial,1,QG-NY,QG Johnson Rd,QG_Johnson,D357,N/A,2.30,0,0,4,0,4,1,0,1,3,28.57142857,12.5,30,30.71593533
2407,2020,9,Fall,Commercial,1,QG-NY,QG Johnson Rd,QG_Johnson,D463,N/A,0.37,0,0,4,0,4,1,0,1,3,28.57142857,12.5,30,30.71593533
2408,2020,9,Fall,Commercial,1,QG-NY,QG Johnson Rd,QG_Johnson,D464,N/A,0.63,0,0,4,0,4,1,0,1,3,28.57142857,12.5,30,30.71593533
2409,2020,9,Fall,Commercial,1,QG-NY,QG Miller's Grove Rd,QG_Millers,D358,N/A,1.19,0,0,4,0,4,1,0,1,3,28.57142857,12.5,30,30.71593533
2410,2020,9,Fall,Commercial,1,QG-NY,QG Miller's Grove Rd,QG_Millers,D361,N/A,0.00,0,0,4,0,4,1,0,1,3,28.57142857,12.5,30,30.71593533
2411,2020,9,Fall,Commercial,1,QG-NY,QG Miller's Grove Rd,QG_Millers,D362,N/A,3.83,1,0,4,0,4,1,0,1,3,28.57142857,12.5,30,30.71593533
2412,2020,9,Fall,Commercial,1,QG-NY,QG Miller's Grove Rd,QG_Millers,D364,N/A,1.77,0,0,4,0,4,1,0,1,3,28.57142857,12.5,30,30.71593533
2413,2020,9,Fall,Commercial,1,QG-NY,QG Miller's Grove Rd,QG_Millers,D365,N/A,1.87,0,0,4,0,4,1,0,1,3,28.57142857,12.5,30,30.71593533
2414,2020,9,Fall,Commercial,1,QG-NY,QG Miller's Grove Rd,QG_Millers,D366,N/A,0.00,0,0,4,0,4,1,0,1,3,28.57142857,12.5,30,30.71593533
2415,2020,9,Fall,Commercial,1,QG-NY,QG Miller's Grove Rd,QG_Millers,D465,N/A,0.63,0,0,4,0,4,1,0,1,3,28.57142857,12.5,30,30.71593533
2416,2020,9,Fall,Commercial,1,QG-NY,QG Miller's Grove Rd,QG_Millers,D466,N/A,1.50,0,0,4,0,4,1,0,1,3,28.57142857,12.5,30,30.71593533
2417,2020,9,Fall,Commercial,1,QG-NY,QG Miller's Grove Rd,QG_Millers,D467,N/A,1.61,0,0,4,0,4,1,0,1,3,28.57142857,12.5,30,30.71593533
2418,2020,9,Fall,Commercial,1,QG-NY,QG Miller's Grove Rd,QG_Millers,D468,N/A,0.34,0,0,4,0,4,1,0,1,3,28.57142857,12.5,30,30.71593533
2419,2020,9,Fall,Commercial,2,QN-NY,QN Miller's Crossing Hill,QN_Millers,C451,1,2.62,0,0,3,0,3,3,0,3,0,0,24.5,24.5,N/A
2420,2020,9,Fall,Commercial,2,QN-NY,QN Miller's Crossing Hill,QN_Millers,C454,N/A,0.34,0,0,3,0,3,3,0,3,0,0,24.5,24.5,N/A
2421,2020,9,Fall,Commercial,2,QN-NY,QN Miller's Crossing Hill,QN_Millers,C455,N/A,1.25,0,0,3,0,3,3,0,3,0,0,24.5,24.5,N/A
2422,2020,9,Fall,Commercial,2,QN-NY,QN Miller's Crossing Hill,QN_Millers,D303,1,0.00,0,0,3,0,3,3,0,3,0,0,24.5,24.5,N/A
2423,2020,9,Fall,Commercial,2,QN-NY,QN Miller's Crossing Hill,QN_Millers,D304,1,0.00,0,0,3,0,3,3,0,3,0,0,24.5,24.5,N/A
2424,2020,9,Fall,Commercial,2,QN-NY,QN Miller's Crossing Hill,QN_Millers,D305,N/A,4.56,1,0,3,0,3,3,0,3,0,0,24.5,24.5,N/A
2425,2020,9,Fall,Commercial,2,QN-NY,QN Miller's Crossing Hill,QN_Millers,D306,1,2.71,0,0,3,0,3,3,0,3,0,0,24.5,24.5,N/A
2426,2020,9,Fall,Commercial,2,QN-NY,QN Miller's Crossing Hill,QN_Millers,D307,1,1.57,0,0,3,0,3,3,0,3,0,0,24.5,24.5,N/A
2427,2020,9,Fall,Commercial,2,QN-NY,QN Miller's Crossing Hill,QN_Millers,D308,1,3.49,1,0,3,0,3,3,0,3,0,0,24.5,24.5,N/A
2428,2020,9,Fall,Commercial,2,QN-NY,QN Miller's Crossing Hill,QN_Millers,D472,1,0.00,0,0,3,0,3,3,0,3,0,0,24.5,24.5,N/A
2429,2020,9,Fall,Commercial,2,QN-NY,QN Rock City Farm,,C441,N/A,0.31,0,0,3,0,3,3,0,3,0,0,24.5,24.5,N/A
2430,2020,9,Fall,Commercial,2,QN-NY,QN Rock City Farm,,C442,1,1.79,0,0,3,0,3,3,0,3,0,0,24.5,24.5,N/A
2431,2020,9,Fall,Commercial,2,QN-NY,QN Rock City Farm,,C443,1,1.45,0,0,3,0,3,3,0,3,0,0,24.5,24.5,N/A
2432,2020,9,Fall,Commercial,2,QN-NY,QN Rock City Farm,,C444,0,1.85,0,0,3,0,3,3,0,3,0,0,24.5,24.5,N/A
2433,2020,9,Fall,Commercial,2,QN-NY,QN Rock City Farm,,C447,1,0.37,0,0,3,0,3,3,0,3,0,0,24.5,24.5,N/A
2434,2020,9,Fall,Commercial,2,QN-NY,QN Rock City Farm,,C448,0,1.07,0,0,3,0,3,3,0,3,0,0,24.5,24.5,N/A
2435,2020,9,Fall,Commercial,2,QN-NY,QN Rock City Farm,,C449,0,0.31,0,0,3,0,3,3,0,3,0,0,24.5,24.5,N/A
2436,2020,9,Fall,Commercial,2,QN-NY,QN Rock City Farm,,C450,N/A,5.30,1,0,3,0,3,3,0,3,0,0,24.5,24.5,N/A
2437,2020,9,Fall,Commercial,2,QN-NY,QN Rock City Farm,,D301,N/A,4.15,1,0,3,0,3,3,0,3,0,0,24.5,24.5,N/A
2438,2020,9,Fall,Commercial,2,QN-NY,QN Rock City Farm,,D302,N/A,4.57,1,0,3,0,3,3,0,3,0,0,24.5,24.5,N/A
2439,2020,9,Fall,Commercial,2,TD-NY,TD Greene's,,C478,N/A,7.52,1,0,0,0,0,0,0,0,3,20,40.90909091,50,50
2440,2020,9,Fall,Commercial,2,TD-NY,TD Greene's,,D402,N/A,4.27,1,0,0,0,0,0,0,0,3,20,40.90909091,50,50
2441,2020,9,Fall,Commercial,2,TD-NY,TD Greene's,,D403,N/A,0.33,0,0,0,0,0,0,0,0,3,20,40.90909091,50,50
2442,2020,9,Fall,Commercial,2,TD-NY,TD Greene's,,D406,N/A,16.01,1,0,0,0,0,0,0,0,3,20,40.90909091,50,50
2443,2020,9,Fall,Commercial,2,TD-NY,TD Greene's,,D455,N/A,10.29,1,0,0,0,0,0,0,0,3,20,40.90909091,50,50
2444,2020,9,Fall,Commercial,2,TD-NY,TD Greene's,,D456,N/A,73.12,1,1,0,0,0,0,0,0,3,20,40.90909091,50,50
2445,2020,9,Fall,Commercial,2,TD-NY,TD Greene's,,D457,N/A,9.85,1,0,0,0,0,0,0,0,3,20,40.90909091,50,50
2446,2020,9,Fall,Commercial,2,TD-NY,TD Greene's,,D458,N/A,4.62,1,0,0,0,0,0,0,0,3,20,40.90909091,50,50
2447,2020,9,Fall,Commercial,2,TD-NY,TD Greene's,,D459,N/A,2.47,0,0,0,0,0,0,0,0,3,20,40.90909091,50,50
2448,2020,9,Fall,Commercial,2,TD-NY,TD Greene's,,D460,N/A,6.92,1,0,0,0,0,0,0,0,3,20,40.90909091,50,50
2449,2020,9,Fall,Commercial,2,TD-NY,TD Home yard,TD_Home_Yard,D388,N/A,3.03,1,0,0,0,0,0,0,0,3,20,40.90909091,50,50
2450,2020,9,Fall,Commercial,2,TD-NY,TD Home yard,TD_Home_Yard,D389,N/A,8.76,1,0,0,0,0,0,0,0,3,20,40.90909091,50,50
2451,2020,9,Fall,Commercial,2,TD-NY,TD Home yard,TD_Home_Yard,D390,N/A,1.01,0,0,0,0,0,0,0,0,3,20,40.90909091,50,50
2452,2020,9,Fall,Commercial,2,TD-NY,TD Home yard,TD_Home_Yard,D391,N/A,17.72,1,0,0,0,0,0,0,0,3,20,40.90909091,50,50
2453,2020,9,Fall,Commercial,2,TD-NY,TD Home yard,TD_Home_Yard,D392,N/A,3.42,1,0,0,0,0,0,0,0,3,20,40.90909091,50,50
2454,2020,9,Fall,Commercial,2,TD-NY,TD Home yard,TD_Home_Yard,D393,N/A,5.76,1,0,0,0,0,0,0,0,3,20,40.90909091,50,50
2455,2020,9,Fall,Commercial,2,TD-NY,TD Home yard,TD_Home_Yard,D394,N/A,16.73,1,0,0,0,0,0,0,0,3,20,40.90909091,50,50
2456,2020,9,Fall,Commercial,2,TD-NY,TD Home yard,TD_Home_Yard,D395,N/A,3.59,1,0,0,0,0,0,0,0,3,20,40.90909091,50,50
2457,2020,9,Fall,Commercial,2,TD-NY,TD Home yard,TD_Home_Yard,D396,N/A,6.48,1,0,0,0,0,0,0,0,3,20,40.90909091,50,50
2458,2020,9,Fall,Commercial,2,TD-NY,TD Home yard,TD_Home_Yard,D397,0,3.79,1,0,0,0,0,0,0,0,3,20,40.90909091,50,50
2459,2020,9,Fall,Commercial,1,XQ-NY,XQ County Rd 142,XQ_CR_142,D445,N/A,2.89,0,0,N/A,N/A,N/A,N/A,N/A,N/A,N/A,N/A,N/A,N/A,35.71428571
2460,2020,9,Fall,Commercial,1,XQ-NY,XQ County Rd 142,XQ_CR_142,D446,N/A,0.99,0,0,N/A,N/A,N/A,N/A,N/A,N/A,N/A,N/A,N/A,N/A,35.71428571
2461,2020,9,Fall,Commercial,1,XQ-NY,XQ County Rd 142,XQ_CR_142,D447,N/A,3.37,1,0,N/A,N/A,N/A,N/A,N/A,N/A,N/A,N/A,N/A,N/A,35.71428571
2462,2020,9,Fall,Commercial,1,XQ-NY,XQ County Rd 142,XQ_CR_142,D448,N/A,0.82,0,0,N/A,N/A,N/A,N/A,N/A,N/A,N/A,N/A,N/A,N/A,35.71428571
2463,2020,9,Fall,Commercial,1,XQ-NY,XQ County Rd 142,XQ_CR_142,D449,N/A,6.94,1,0,N/A,N/A,N/A,N/A,N/A,N/A,N/A,N/A,N/A,N/A,35.71428571
2464,2020,9,Fall,Commercial,1,XQ-NY,XQ County Rd 142,XQ_CR_142,D450,N/A,3.54,1,0,N/A,N/A,N/A,N/A,N/A,N/A,N/A,N/A,N/A,N/A,35.71428571
2465,2020,9,Fall,Commercial,1,XQ-NY,XQ County Rd 142,XQ_CR_142,D451,N/A,4.04,1,0,N/A,N/A,N/A,N/A,N/A,N/A,N/A,N/A,N/A,N/A,35.71428571
2466,2020,9,Fall,Commercial,1,XQ-NY,XQ County Rd 142,XQ_CR_142,D452,N/A,3.63,1,0,N/A,N/A,N/A,N/A,N/A,N/A,N/A,N/A,N/A,N/A,35.71428571
2467,2020,9,Fall,Commercial,1,XQ-NY,XQ County Rd 142,XQ_CR_142,D453,N/A,3.09,1,0,N/A,N/A,N/A,N/A,N/A,N/A,N/A,N/A,N/A,N/A,35.71428571
2468,2020,9,Fall,Commercial,1,XQ-NY,XQ County Rd 142,XQ_CR_142,D454,N/A,3.87,1,0,N/A,N/A,N/A,N/A,N/A,N/A,N/A,N/A,N/A,N/A,35.71428571
2469,2020,9,Fall,Commercial,1,XQ-NY,XQ Kingtown Beach Rd,XQ_Kingtown_Beach,D434,N/A,0.32,0,0,N/A,N/A,N/A,N/A,N/A,N/A,N/A,N/A,N/A,N/A,35.71428571
2470,2020,9,Fall,Commercial,1,XQ-NY,XQ Kingtown Beach Rd,XQ_Kingtown_Beach,D435,N/A,1.83,0,0,N/A,N/A,N/A,N/A,N/A,N/A,N/A,N/A,N/A,N/A,35.71428571
2471,2020,9,Fall,Commercial,1,XQ-NY,XQ Kingtown Beach Rd,XQ_Kingtown_Beach,D436,N/A,0.70,0,0,N/A,N/A,N/A,N/A,N/A,N/A,N/A,N/A,N/A,N/A,35.71428571
2472,2020,9,Fall,Commercial,1,XQ-NY,XQ Kingtown Beach Rd,XQ_Kingtown_Beach,D437,N/A,0.00,0,0,N/A,N/A,N/A,N/A,N/A,N/A,N/A,N/A,N/A,N/A,35.71428571
2473,2020,9,Fall,Commercial,1,XQ-NY,XQ Kingtown Beach Rd,XQ_Kingtown_Beach,D438,N/A,1.16,0,0,N/A,N/A,N/A,N/A,N/A,N/A,N/A,N/A,N/A,N/A,35.71428571
2474,2020,9,Fall,Commercial,1,XQ-NY,XQ Kingtown Beach Rd,XQ_Kingtown_Beach,D439,N/A,0.63,0,0,N/A,N/A,N/A,N/A,N/A,N/A,N/A,N/A,N/A,N/A,35.71428571
2475,2020,9,Fall,Commercial,1,XQ-NY,XQ Kingtown Beach Rd,XQ_Kingtown_Beach,D441,N/A,0.66,0,0,N/A,N/A,N/A,N/A,N/A,N/A,N/A,N/A,N/A,N/A,35.71428571
2476,2020,9,Fall,Commercial,1,XQ-NY,XQ Kingtown Beach Rd,XQ_Kingtown_Beach,D442,N/A,0.38,0,0,N/A,N/A,N/A,N/A,N/A,N/A,N/A,N/A,N/A,N/A,35.71428571
2477,2020,9,Fall,Commercial,1,XQ-NY,XQ Kingtown Beach Rd,XQ_Kingtown_Beach,D443,N/A,0.86,0,0,N/A,N/A,N/A,N/A,N/A,N/A,N/A,N/A,N/A,N/A,35.71428571
2478,2020,9,Fall,Commercial,1,XQ-NY,XQ Kingtown Beach Rd,XQ_Kingtown_Beach,D444,N/A,0.41,0,0,N/A,N/A,N/A,N/A,N/A,N/A,N/A,N/A,N/A,N/A,35.71428571
2479,2020,9,Fall,Sideliner,3,BD-NY,BD Marbletown Rd,BD_Marble,C204,N/A,3.05,1,0,3,0,3,2,0,2,3,23.68421053,5.714285714,25,N/A
2480,2020,9,Fall,Sideliner,3,BD-NY,BD Marbletown Rd,BD_Marble,C205,N/A,1.81,0,0,3,0,3,2,0,2,3,23.68421053,5.714285714,25,N/A
2481,2020,9,Fall,Sideliner,3,BD-NY,BD Marbletown Rd,BD_Marble,D213,N/A,6.99,1,0,3,0,3,2,0,2,3,23.68421053,5.714285714,25,N/A
2482,2020,9,Fall,Sideliner,3,BD-NY,BD Marbletown Rd,BD_Marble,D214,N/A,6.88,1,0,3,0,3,2,0,2,3,23.68421053,5.714285714,25,N/A
2483,2020,9,Fall,Sideliner,2,CI-NY,CI Burns Rd,CI_Burns,C217,1,0.43,0,0,N/A,N/A,N/A,N/A,N/A,N/A,N/A,N/A,N/A,N/A,18.66666667
2484,2020,9,Fall,Sideliner,2,CI-NY,CI Burns Rd,CI_Burns,C219,0,4.17,1,0,N/A,N/A,N/A,N/A,N/A,N/A,N/A,N/A,N/A,N/A,18.66666667
2485,2020,9,Fall,Sideliner,2,CI-NY,CI Burns Rd,CI_Burns,D201,0,5.97,1,0,N/A,N/A,N/A,N/A,N/A,N/A,N/A,N/A,N/A,N/A,18.66666667
2486,2020,9,Fall,Sideliner,2,CI-NY,CI Burns Rd,CI_Burns,D224,0,0.58,0,0,N/A,N/A,N/A,N/A,N/A,N/A,N/A,N/A,N/A,N/A,18.66666667
2487,2020,9,Fall,Sideliner,2,CL-NY,CL Bull St,CL_Bull,C208,1,11.68,1,1,5,0,5,5,0,5,0,37.5,51.2195122,54.54545455,63.63636364
2488,2020,9,Fall,Sideliner,2,CL-NY,CL Bull St,CL_Bull,D206,1,6.77,1,1,5,0,5,5,0,5,0,37.5,51.2195122,54.54545455,63.63636364
2489,2020,9,Fall,Sideliner,2,CL-NY,CL Bull St,CL_Bull,D207,1,11.89,1,0,5,0,5,5,0,5,0,37.5,51.2195122,54.54545455,63.63636364
2490,2020,9,Fall,Sideliner,2,CL-NY,CL Bull St,CL_Bull,D208,N/A,5.64,1,0,5,0,5,5,0,5,0,37.5,51.2195122,54.54545455,63.63636364
2491,2020,9,Fall,Sideliner,2,CW-NY,CW Maxwell Rd,CW_Maxwell,C212,0,1.27,0,0,4,0,4,4,0,4,2,21.81818182,8.474576271,23.94366197,35.71428571
2492,2020,9,Fall,Sideliner,2,CW-NY,CW Maxwell Rd,CW_Maxwell,C213,0,0.00,0,0,4,0,4,4,0,4,2,21.81818182,8.474576271,23.94366197,35.71428571
2493,2020,9,Fall,Sideliner,2,CW-NY,CW Maxwell Rd,CW_Maxwell,D202,1,0.79,0,0,4,0,4,4,0,4,2,21.81818182,8.474576271,23.94366197,35.71428571
2494,2020,9,Fall,Sideliner,2,CW-NY,CW Maxwell Rd,CW_Maxwell,D225,0,2.80,0,0,4,0,4,4,0,4,2,21.81818182,8.474576271,23.94366197,35.71428571
2495,2020,9,Fall,Sideliner,3,NG-NY,NG Ball Rd,NG_Ball_Rd,B215,N/A,0.00,0,0,2,0,2,3,0,3,3,32.92682927,5.521472393,29.03225806,N/A
2496,2020,9,Fall,Sideliner,3,NG-NY,NG Ball Rd,NG_Ball_Rd,B218,N/A,2.36,0,0,2,0,2,3,0,3,3,32.92682927,5.521472393,29.03225806,N/A
2497,2020,9,Fall,Sideliner,3,NG-NY,NG Ball Rd,NG_Ball_Rd,C216,N/A,2.63,0,0,2,0,2,3,0,3,3,32.92682927,5.521472393,29.03225806,N/A
2498,2020,9,Fall,Sideliner,3,NG-NY,NG Ball Rd,NG_Ball_Rd,D205,N/A,0.98,0,0,2,0,2,3,0,3,3,32.92682927,5.521472393,29.03225806,N/A
2499,2020,9,Fall,Sideliner,2,TI-NY,TI Mill Rd,TI_Mills,C224,1,4.12,1,0,2,3,5,2,3,5,0,69.6969697,0,75.40983607,0
2500,2020,9,Fall,Sideliner,2,TI-NY,TI Mill Rd,TI_Mills,D217,0,0.00,0,0,2,3,5,2,3,5,0,69.6969697,0,75.40983607,0
2501,2020,9,Fall,Sideliner,2,TI-NY,TI Mill Rd,TI_Mills,D218,0,0.00,0,0,2,3,5,2,3,5,0,69.6969697,0,75.40983607,0
2502,2020,9,Fall,Sideliner,2,TI-NY,TI Mill Rd,TI_Mills,D219,1,0.32,0,0,2,3,5,2,3,5,0,69.6969697,0,75.40983607,0
2503,2020,9,Fall,Sideliner,1,UQ-NY,UQ Cotes Rd,UQ_Cotes,D210,N/A,0.59,0,0,N/A,N/A,N/A,N/A,N/A,N/A,N/A,N/A,N/A,N/A,0
2504,2020,9,Fall,Sideliner,1,UQ-NY,UQ Cotes Rd,UQ_Cotes,D211,N/A,0.44,0,0,N/A,N/A,N/A,N/A,N/A,N/A,N/A,N/A,N/A,N/A,0
2505,2020,9,Fall,Sideliner,1,UQ-NY,UQ Cotes Rd,UQ_Cotes,D212,N/A,0.56,0,0,N/A,N/A,N/A,N/A,N/A,N/A,N/A,N/A,N/A,N/A,0
2506,2020,9,Fall,Sideliner,1,UQ-NY,UQ Cotes Rd,UQ_Cotes,D226,N/A,1.08,0,0,N/A,N/A,N/A,N/A,N/A,N/A,N/A,N/A,N/A,N/A,0
2507,2020,9,Fall,Sideliner,2,UT-NY,UT Home Yard,UT_Home_Yard,C361,1,0.00,0,0,3,0,3,2,0,2,1,5.154639175,0,2.702702703,8.888888889
2508,2020,9,Fall,Sideliner,2,UT-NY,UT Home Yard,UT_Home_Yard,C362,1,0.00,0,0,3,0,3,2,0,2,1,5.154639175,0,2.702702703,8.888888889
2509,2020,9,Fall,Sideliner,2,UT-NY,UT Home Yard,UT_Home_Yard,C363,1,0.72,0,0,3,0,3,2,0,2,1,5.154639175,0,2.702702703,8.888888889
2510,2020,9,Fall,Sideliner,2,UT-NY,UT Home Yard,UT_Home_Yard,C364,1,1.22,0,0,3,0,3,2,0,2,1,5.154639175,0,2.702702703,8.888888889
2511,2020,9,Fall,Hobbyist,2,BM-NY,BM Smith Rd,,C122,0,20.26,1,0,3,1,4,3,0,3,2,50,47.36842105,58.33333333,86.66666667
2512,2020,9,Fall,Hobbyist,2,BM-NY,BM Smith Rd,,D117,0,3.80,1,0,3,1,4,3,0,3,2,50,47.36842105,58.33333333,86.66666667
2513,2020,9,Fall,Hobbyist,2,BM-NY,BM Smith Rd,,D118,1,1.44,0,0,3,1,4,3,0,3,2,50,47.36842105,58.33333333,86.66666667
2514,2020,9,Fall,Hobbyist,2,BM-NY,BM Smith Rd,,D119,0,2.08,0,0,3,1,4,3,0,3,2,50,47.36842105,58.33333333,86.66666667
2515,2020,9,Fall,Hobbyist,2,BN-NY,BN Paris Hill Rd,,C104,N/A,3.40,1,0,2,0,2,2,0,2,2,46.15384615,0,46.15384615,N/A
2516,2020,9,Fall,Hobbyist,2,BN-NY,BN Paris Hill Rd,,D108,N/A,20.79,1,1,2,0,2,2,0,2,2,46.15384615,0,46.15384615,N/A
2517,2020,9,Fall,Hobbyist,2,BN-NY,BN Paris Hill Rd,,D109,N/A,2.53,0,0,2,0,2,2,0,2,2,46.15384615,0,46.15384615,N/A
2518,2020,9,Fall,Hobbyist,2,EK-NY,EK Daniels Rd,EK_Daniels,D112,1,2.39,0,0,2,0,2,2,0,2,3,77.77777778,0,33.33333333,21.73913043
2519,2020,9,Fall,Hobbyist,2,EK-NY,EK Daniels Rd,EK_Daniels,D113,0,5.14,1,0,2,0,2,2,0,2,3,77.77777778,0,33.33333333,21.73913043
2520,2020,9,Fall,Hobbyist,2,EK-NY,EK Daniels Rd,EK_Daniels,D114,1,2.36,0,0,2,0,2,2,0,2,3,77.77777778,0,33.33333333,21.73913043
2521,2020,9,Fall,Hobbyist,2,EK-NY,EK Daniels Rd,EK_Daniels,D115,1,5.50,1,0,2,0,2,2,0,2,3,77.77777778,0,33.33333333,21.73913043
2522,2020,9,Fall,Hobbyist,2,KC-NY,KC Domes Rd Yard,KC_Domes,C113,0,14.15,1,0,1,0,1,1,0,1,2,23.68421053,6.666666667,28.20512821,71.42857143
2523,2020,9,Fall,Hobbyist,2,KC-NY,KC Domes Rd Yard,KC_Domes,D101,0,23.24,1,0,1,0,1,1,0,1,2,23.68421053,6.666666667,28.20512821,71.42857143
2524,2020,9,Fall,Hobbyist,2,KC-NY,KC Domes Rd Yard,KC_Domes,D102,0,0.55,0,0,1,0,1,1,0,1,2,23.68421053,6.666666667,28.20512821,71.42857143
2525,2020,9,Fall,Hobbyist,2,KC-NY,KC Domes Rd Yard,KC_Domes,D116,0,8.60,1,0,1,0,1,1,0,1,2,23.68421053,6.666666667,28.20512821,71.42857143
2526,2020,9,Fall,Hobbyist,2,KI2-NY,KI2 Stowe Potato,,C105,0,4.55,1,0,N/A,N/A,N/A,N/A,N/A,N/A,N/A,N/A,N/A,N/A,35.71428571
2527,2020,9,Fall,Hobbyist,2,KI2-NY,KI2 Stowe Potato,,C106,0,4.93,1,0,N/A,N/A,N/A,N/A,N/A,N/A,N/A,N/A,N/A,N/A,35.71428571
2528,2020,9,Fall,Hobbyist,2,KI2-NY,KI2 Stowe Potato,,C107,1,5.00,1,0,N/A,N/A,N/A,N/A,N/A,N/A,N/A,N/A,N/A,N/A,35.71428571
2529,2020,9,Fall,Hobbyist,2,KI2-NY,KI2 Stowe Potato,,C108,1,3.43,1,0,N/A,N/A,N/A,N/A,N/A,N/A,N/A,N/A,N/A,N/A,35.71428571
2530,2020,9,Fall,Hobbyist,2,MI2-NY,FW Huggins,FW_Huggins,C201,1,0.97,0,0,5,3,8,5,4,9,8,0,0,0,0
2531,2020,9,Fall,Hobbyist,2,MI2-NY,FW Huggins,FW_Huggins,C202,1,6.29,1,0,5,3,8,5,4,9,8,0,0,0,0
2532,2020,9,Fall,Hobbyist,2,MI2-NY,FW Huggins,FW_Huggins,C246,1,3.00,1,0,5,3,8,5,4,9,8,0,0,0,0
2533,2020,9,Fall,Hobbyist,2,MI2-NY,FW Huggins,FW_Huggins,Δ251,1,2.63,0,0,5,3,8,5,4,9,8,0,0,0,0
2534,2020,9,Fall,Hobbyist,2,MI3-NY,FW Huggins,FW_Huggins,B240,1,0.84,0,0,3,0,3,3,0,3,4,33.33333333,37.5,54.54545455,0
2535,2020,9,Fall,Hobbyist,2,MI3-NY,FW Huggins,FW_Huggins,C101,1,1.86,0,0,3,0,3,3,0,3,4,33.33333333,37.5,54.54545455,0
2536,2020,9,Fall,Hobbyist,2,MI3-NY,FW Huggins,FW_Huggins,C102,1,2.63,0,0,3,0,3,3,0,3,4,33.33333333,37.5,54.54545455,0
2537,2020,9,Fall,Hobbyist,2,MI3-NY,FW Huggins,FW_Huggins,C103,1,1.78,0,0,3,0,3,3,0,3,4,33.33333333,37.5,54.54545455,0
2538,2020,9,Fall,Hobbyist,2,MM-NY,MM Swede Rd,MM_Swede,C235,0,4.61,1,0,3,0,3,1,0,1,3,18.51851852,43.33333333,51.42857143,33.33333333
2539,2020,9,Fall,Hobbyist,2,MM-NY,MM Swede Rd,MM_Swede,C236,1,8.61,1,0,3,0,3,1,0,1,3,18.51851852,43.33333333,51.42857143,33.33333333
2540,2020,9,Fall,Hobbyist,2,MM-NY,MM Swede Rd,MM_Swede,C237,0,2.21,0,0,3,0,3,1,0,1,3,18.51851852,43.33333333,51.42857143,33.33333333
2541,2020,9,Fall,Hobbyist,2,MM-NY,MM Swede Rd,MM_Swede,D120,0,12.41,1,0,3,0,3,1,0,1,3,18.51851852,43.33333333,51.42857143,33.33333333
2542,2020,9,Fall,Hobbyist,2,TN-NY,TN Domes Rd Field,,C115,0,3.05,1,0,2,0,2,2,0,2,3,70,0,36.84210526,33.33333333
2543,2020,9,Fall,Hobbyist,2,TN-NY,TN Domes Rd Field,,D104,0,2.87,0,0,2,0,2,2,0,2,3,70,0,36.84210526,33.33333333
2544,2020,9,Fall,Hobbyist,2,TN-NY,TN Domes Rd Field,,D105,1,9.15,1,0,2,0,2,2,0,2,3,70,0,36.84210526,33.33333333
2545,2020,9,Fall,Hobbyist,2,TN-NY,TN Domes Rd Field,,D106,0,5.17,1,0,2,0,2,2,0,2,3,70,0,36.84210526,33.33333333
,,,,,,,,,,,,,9,,,,,,,,,,,
,,,,,,,,,,,,,,,,,,,,,,,,
,,,,,,,,,,,,,,,,,,,,,,,,
,,,,,,,,,,,,,,,,,,,,,,,,